cohort,batch,run_id,task,arm,budget_token,budget_calls,root_quality,score_kind,validity,source_result,worker_call_limit,cm_call_limit,phase_call_limits,root_tokens,token_known_subtotal,remaining_tokens,budget_note
A1,a1-v2,a1-01-D,astropy__astropy-14995,D,600000,28,True,SWE-bench official,official_scored,modelbench\minimal_value_20260905\batches\a1-v2\results\a1-01-D\episode_result.json,8,12,,444663,,,Descriptive exposure; different runtime or model is not a causal pair
A1,a1-v2,a1-01-L,astropy__astropy-14995,L,600000,28,True,SWE-bench official,official_scored,modelbench\minimal_value_20260905\batches\a1-v2\results\a1-01-L\episode_result.json,8,12,,465117,,,Descriptive exposure; different runtime or model is not a causal pair
A1,a1-v2,a1-01-R2,astropy__astropy-14995,R2,600000,28,True,SWE-bench official,official_scored,modelbench\minimal_value_20260905\batches\a1-v2\results\a1-01-R2\episode_result.json,8,12,,476399,,,Descriptive exposure; different runtime or model is not a causal pair
A1,a1-v2,a1-01-S,astropy__astropy-14995,S,600000,28,True,SWE-bench official,official_scored,modelbench\minimal_value_20260905\batches\a1-v2\results\a1-01-S\episode_result.json,8,12,,392657,,,Descriptive exposure; different runtime or model is not a causal pair
A1,a1-v2,a1-01-T,astropy__astropy-14995,T,600000,28,True,SWE-bench official,official_scored,modelbench\minimal_value_20260905\batches\a1-v2\results\a1-01-T\episode_result.json,8,12,,391479,,,Descriptive exposure; different runtime or model is not a causal pair
A1,a1-v2,a1-02-D,pydata__xarray-7229,D,600000,28,False,SWE-bench official,official_scored,modelbench\minimal_value_20260905\batches\a1-v2\results\a1-02-D\episode_result.json,8,12,,559589,,,Descriptive exposure; different runtime or model is not a causal pair
A1,a1-v2,a1-02-L,pydata__xarray-7229,L,600000,28,False,SWE-bench official,official_scored_with_budget_overshoot,modelbench\minimal_value_20260905\batches\a1-v2\results\a1-02-L\episode_result.json,8,12,,602116,,,Descriptive exposure; different runtime or model is not a causal pair
A1,a1-v2,a1-02-R2,pydata__xarray-7229,R2,600000,28,False,SWE-bench official,official_scored,modelbench\minimal_value_20260905\batches\a1-v2\results\a1-02-R2\episode_result.json,8,12,,552216,,,Descriptive exposure; different runtime or model is not a causal pair
A1,a1-v2,a1-02-S,pydata__xarray-7229,S,600000,28,False,SWE-bench official,official_scored,modelbench\minimal_value_20260905\batches\a1-v2\results\a1-02-S\episode_result.json,8,12,,556797,,,Descriptive exposure; different runtime or model is not a causal pair
A1,a1-v2,a1-02-T,pydata__xarray-7229,T,600000,28,False,SWE-bench official,official_scored,modelbench\minimal_value_20260905\batches\a1-v2\results\a1-02-T\episode_result.json,8,12,,579149,,,Descriptive exposure; different runtime or model is not a causal pair
A2,a2-v1,a2-01-D,sympy__sympy-13852,D,600000,28,False,SWE-bench official,official_scored,modelbench\minimal_value_20260905\batches\a2-v1\results\a2-01-D\episode_result.json,8,12,,478379,,,Descriptive exposure; different runtime or model is not a causal pair
A2,a2-v1,a2-01-T,sympy__sympy-13852,T,600000,28,False,SWE-bench official,official_scored,modelbench\minimal_value_20260905\batches\a2-v1\results\a2-01-T\episode_result.json,8,12,,573263,,,Descriptive exposure; different runtime or model is not a causal pair
A2,a2-v1,a2-01-S,sympy__sympy-13852,S,600000,28,False,SWE-bench official,official_scored,modelbench\minimal_value_20260905\batches\a2-v1\results\a2-01-S\episode_result.json,8,12,,273935,,,Descriptive exposure; different runtime or model is not a causal pair
A2,a2-v1,a2-01-L,sympy__sympy-13852,L,600000,28,False,SWE-bench official,official_scored,modelbench\minimal_value_20260905\batches\a2-v1\results\a2-01-L\episode_result.json,8,12,,562670,,,Descriptive exposure; different runtime or model is not a causal pair
A2,a2-v1,a2-01-R2,sympy__sympy-13852,R2,600000,28,False,SWE-bench official,official_scored,modelbench\minimal_value_20260905\batches\a2-v1\results\a2-01-R2\episode_result.json,8,12,,539535,,,Descriptive exposure; different runtime or model is not a causal pair
A2,a2-v1,a2-02-T,django__django-10880,T,600000,28,True,SWE-bench official,official_scored,modelbench\minimal_value_20260905\batches\a2-v1\results\a2-02-T\episode_result.json,8,12,,410414,,,Descriptive exposure; different runtime or model is not a causal pair
A2,a2-v1,a2-02-S,django__django-10880,S,600000,28,True,SWE-bench official,official_scored,modelbench\minimal_value_20260905\batches\a2-v1\results\a2-02-S\episode_result.json,8,12,,149800,,,Descriptive exposure; different runtime or model is not a causal pair
A2,a2-v1,a2-02-L,django__django-10880,L,600000,28,True,SWE-bench official,official_scored,modelbench\minimal_value_20260905\batches\a2-v1\results\a2-02-L\episode_result.json,8,12,,304150,,,Descriptive exposure; different runtime or model is not a causal pair
A2,a2-v1,a2-02-R2,django__django-10880,R2,600000,28,True,SWE-bench official,official_scored,modelbench\minimal_value_20260905\batches\a2-v1\results\a2-02-R2\episode_result.json,8,12,,431387,,,Descriptive exposure; different runtime or model is not a causal pair
A2,a2-v1,a2-02-D,django__django-10880,D,600000,28,True,SWE-bench official,official_scored,modelbench\minimal_value_20260905\batches\a2-v1\results\a2-02-D\episode_result.json,8,12,,492261,,,Descriptive exposure; different runtime or model is not a causal pair
A2,a2-v1,a2-03-S,matplotlib__matplotlib-23412,S,600000,28,True,SWE-bench official,official_scored,modelbench\minimal_value_20260905\batches\a2-v1\results\a2-03-S\episode_result.json,8,12,,369298,,,Descriptive exposure; different runtime or model is not a causal pair
A2,a2-v1,a2-03-L,matplotlib__matplotlib-23412,L,600000,28,True,SWE-bench official,official_scored,modelbench\minimal_value_20260905\batches\a2-v1\results\a2-03-L\episode_result.json,8,12,,562002,,,Descriptive exposure; different runtime or model is not a causal pair
A2,a2-recovery-b-v1,a2-03-R2,matplotlib__matplotlib-23412,R2,600000,28,True,SWE-bench official,official_scored,modelbench\minimal_value_20260905\operations\a2-sampling-incident-v1\salvage\results\a2-03-R2\episode_result.json,8,12,,499882,,,Descriptive exposure; different runtime or model is not a causal pair
A2,a2-recovery-b-v1,a2-03-D,matplotlib__matplotlib-23412,D,600000,28,True,SWE-bench official,official_scored,modelbench\minimal_value_20260905\operations\a2-sampling-incident-v1\salvage\results\a2-03-D\episode_result.json,8,12,,434016,,,Descriptive exposure; different runtime or model is not a causal pair
A2,a2-recovery-b-v1,a2-03-T,matplotlib__matplotlib-23412,T,600000,28,True,SWE-bench official,official_scored,modelbench\minimal_value_20260905\operations\a2-sampling-incident-v1\salvage\results\a2-03-T\episode_result.json,8,12,,514596,,,Descriptive exposure; different runtime or model is not a causal pair
A2,a2-recovery-b-v1,a2-04-L,django__django-12050,L,600000,28,True,SWE-bench official,official_scored,modelbench\minimal_value_20260905\operations\a2-sampling-incident-v1\salvage\results\a2-04-L\episode_result.json,8,12,,409768,,,Descriptive exposure; different runtime or model is not a causal pair
A2,a2-recovery-b-v1,a2-04-R2,django__django-12050,R2,600000,28,True,SWE-bench official,official_scored,modelbench\minimal_value_20260905\operations\a2-sampling-incident-v1\salvage\results\a2-04-R2\episode_result.json,8,12,,450915,,,Descriptive exposure; different runtime or model is not a causal pair
A2,a2-recovery-b-v1,a2-04-D,django__django-12050,D,600000,28,True,SWE-bench official,official_scored,modelbench\minimal_value_20260905\operations\a2-sampling-incident-v1\salvage\results\a2-04-D\episode_result.json,8,12,,453127,,,Descriptive exposure; different runtime or model is not a causal pair
A2,a2-recovery-b-v1,a2-04-T,django__django-12050,T,600000,28,True,SWE-bench official,official_scored,modelbench\minimal_value_20260905\operations\a2-sampling-incident-v1\salvage\results\a2-04-T\episode_result.json,8,12,,363575,,,Descriptive exposure; different runtime or model is not a causal pair
A2,a2-recovery-b-v1,a2-04-S,django__django-12050,S,600000,28,True,SWE-bench official,official_scored,modelbench\minimal_value_20260905\operations\a2-sampling-incident-v1\salvage\results\a2-04-S\episode_result.json,8,12,,203357,,,Descriptive exposure; different runtime or model is not a causal pair
A2,a2-recovery-b-v1,a2-05-D,scikit-learn__scikit-learn-14496,D,600000,28,True,SWE-bench official,official_scored,modelbench\minimal_value_20260905\operations\a2-sampling-incident-v1\salvage\results\a2-05-D\episode_result.json,8,12,,349865,,,Descriptive exposure; different runtime or model is not a causal pair
A2,a2-resume-v2,a2-05-L,scikit-learn__scikit-learn-14496,L,600000,28,True,SWE-bench official,official_scored,modelbench\minimal_value_20260905\batches\a2-resume-v2\results\a2-05-L\episode_result.json,8,12,,579999,,,Descriptive exposure; different runtime or model is not a causal pair
A2,a2-resume-v2,a2-06-D,psf__requests-1142,D,600000,28,True,SWE-bench official,official_scored,modelbench\minimal_value_20260905\batches\a2-resume-v2\results\a2-06-D\episode_result.json,8,12,,578520,,,Descriptive exposure; different runtime or model is not a causal pair
A2,a2-resume-v2,a2-06-T,psf__requests-1142,T,600000,28,True,SWE-bench official,official_scored,modelbench\minimal_value_20260905\batches\a2-resume-v2\results\a2-06-T\episode_result.json,8,12,,477171,,,Descriptive exposure; different runtime or model is not a causal pair
A2,a2-resume-v2,a2-06-S,psf__requests-1142,S,600000,28,True,SWE-bench official,official_scored,modelbench\minimal_value_20260905\batches\a2-resume-v2\results\a2-06-S\episode_result.json,8,12,,201198,,,Descriptive exposure; different runtime or model is not a causal pair
A2,a2-resume-v2,a2-06-L,psf__requests-1142,L,600000,28,False,SWE-bench official,official_scored,modelbench\minimal_value_20260905\batches\a2-resume-v2\results\a2-06-L\episode_result.json,8,12,,578523,,,Descriptive exposure; different runtime or model is not a causal pair
A2,a2-resume-v2,a2-06-R2,psf__requests-1142,R2,600000,28,True,SWE-bench official,official_scored,modelbench\minimal_value_20260905\batches\a2-resume-v2\results\a2-06-R2\episode_result.json,8,12,,492362,,,Descriptive exposure; different runtime or model is not a causal pair
A2,a2-resume-v2,a2-07-T,matplotlib__matplotlib-20826,T,600000,28,True,SWE-bench official,official_scored,modelbench\minimal_value_20260905\batches\a2-resume-v2\results\a2-07-T\episode_result.json,8,12,,570678,,,Descriptive exposure; different runtime or model is not a causal pair
A2,a2-resume-v2,a2-07-S,matplotlib__matplotlib-20826,S,600000,28,False,SWE-bench official,official_scored,modelbench\minimal_value_20260905\batches\a2-resume-v2\results\a2-07-S\episode_result.json,8,12,,576882,,,Descriptive exposure; different runtime or model is not a causal pair
A2,a2-resume-v2,a2-07-L,matplotlib__matplotlib-20826,L,600000,28,False,SWE-bench official,official_scored,modelbench\minimal_value_20260905\batches\a2-resume-v2\results\a2-07-L\episode_result.json,8,12,,564410,,,Descriptive exposure; different runtime or model is not a causal pair
A2,a2-resume-v2,a2-07-R2,matplotlib__matplotlib-20826,R2,600000,28,False,SWE-bench official,official_scored,modelbench\minimal_value_20260905\batches\a2-resume-v2\results\a2-07-R2\episode_result.json,8,12,,540481,,,Descriptive exposure; different runtime or model is not a causal pair
A2,a2-resume-v2,a2-07-D,matplotlib__matplotlib-20826,D,600000,28,False,SWE-bench official,official_scored,modelbench\minimal_value_20260905\batches\a2-resume-v2\results\a2-07-D\episode_result.json,8,12,,588373,,,Descriptive exposure; different runtime or model is not a causal pair
A2,a2-resume-v2,a2-08-S,pydata__xarray-7233,S,600000,28,True,SWE-bench official,official_scored,modelbench\minimal_value_20260905\batches\a2-resume-v2\results\a2-08-S\episode_result.json,8,12,,140548,,,Descriptive exposure; different runtime or model is not a causal pair
A2,a2-resume-v2,a2-08-L,pydata__xarray-7233,L,600000,28,True,SWE-bench official,official_scored,modelbench\minimal_value_20260905\operations\a2-stats-incident-v1\salvage\results\a2-08-L\episode_result.json,8,12,,292041,,,Descriptive exposure; different runtime or model is not a causal pair
A2,a2-resume-v2,a2-08-R2,pydata__xarray-7233,R2,600000,28,True,SWE-bench official,official_scored,modelbench\minimal_value_20260905\operations\a2-stats-incident-v1\salvage\results\a2-08-R2\episode_result.json,8,12,,398811,,,Descriptive exposure; different runtime or model is not a causal pair
A2,a2-resume-v2,a2-08-D,pydata__xarray-7233,D,600000,28,True,SWE-bench official,official_scored,modelbench\minimal_value_20260905\operations\a2-stats-incident-v1\salvage\results\a2-08-D\episode_result.json,8,12,,383309,,,Descriptive exposure; different runtime or model is not a causal pair
A2,a2-resume-v2,a2-08-T,pydata__xarray-7233,T,600000,28,True,SWE-bench official,official_scored,modelbench\minimal_value_20260905\operations\a2-stats-incident-v1\salvage\results\a2-08-T\episode_result.json,8,12,,364790,,,Descriptive exposure; different runtime or model is not a causal pair
A2,a2-resume-v2,a2-09-L,pylint-dev__pylint-6386,L,600000,28,False,SWE-bench official,official_scored,modelbench\minimal_value_20260905\operations\a2-stats-incident-v1\salvage\results\a2-09-L\episode_result.json,8,12,,539947,,,Descriptive exposure; different runtime or model is not a causal pair
A2,a2-resume-v2,a2-09-R2,pylint-dev__pylint-6386,R2,600000,28,True,SWE-bench official,official_scored,modelbench\minimal_value_20260905\operations\a2-stats-incident-v1\salvage\results\a2-09-R2\episode_result.json,8,12,,519952,,,Descriptive exposure; different runtime or model is not a causal pair
A2,a2-resume-v2,a2-10-R2,sympy__sympy-22456,R2,600000,28,True,SWE-bench official,official_scored,modelbench\minimal_value_20260905\operations\a2-stats-incident-v1\salvage\results\a2-10-R2\episode_result.json,8,12,,508135,,,Descriptive exposure; different runtime or model is not a causal pair
A2,a2-resume-v3,a2-10-T,sympy__sympy-22456,T,600000,28,True,SWE-bench official,official_scored,modelbench\minimal_value_20260905\batches\a2-resume-v3\results\a2-10-T\episode_result.json,8,12,,467947,,,Descriptive exposure; different runtime or model is not a causal pair
A2,a2-resume-v3,a2-10-S,sympy__sympy-22456,S,600000,28,True,SWE-bench official,official_scored,modelbench\minimal_value_20260905\batches\a2-resume-v3\results\a2-10-S\episode_result.json,8,12,,566559,,,Descriptive exposure; different runtime or model is not a causal pair
A2,a2-resume-v3,a2-10-L,sympy__sympy-22456,L,600000,28,True,SWE-bench official,official_scored,modelbench\minimal_value_20260905\batches\a2-resume-v3\results\a2-10-L\episode_result.json,8,12,,566680,,,Descriptive exposure; different runtime or model is not a causal pair
A2,a2-resume-v3,a2-11-D,pytest-dev__pytest-10051,D,600000,28,True,SWE-bench official,official_scored,modelbench\minimal_value_20260905\batches\a2-resume-v3\results\a2-11-D\episode_result.json,8,12,,375271,,,Descriptive exposure; different runtime or model is not a causal pair
A2,a2-resume-v3,a2-11-T,pytest-dev__pytest-10051,T,600000,28,True,SWE-bench official,official_scored,modelbench\minimal_value_20260905\batches\a2-resume-v3\results\a2-11-T\episode_result.json,8,12,,409876,,,Descriptive exposure; different runtime or model is not a causal pair
A2,a2-resume-v3,a2-11-S,pytest-dev__pytest-10051,S,600000,28,True,SWE-bench official,official_scored,modelbench\minimal_value_20260905\batches\a2-resume-v3\results\a2-11-S\episode_result.json,8,12,,147339,,,Descriptive exposure; different runtime or model is not a causal pair
A2,a2-resume-v3,a2-11-L,pytest-dev__pytest-10051,L,600000,28,True,SWE-bench official,official_scored,modelbench\minimal_value_20260905\batches\a2-resume-v3\results\a2-11-L\episode_result.json,8,12,,281400,,,Descriptive exposure; different runtime or model is not a causal pair
A2,a2-resume-v3,a2-11-R2,pytest-dev__pytest-10051,R2,600000,28,True,SWE-bench official,official_scored,modelbench\minimal_value_20260905\batches\a2-resume-v3\results\a2-11-R2\episode_result.json,8,12,,366134,,,Descriptive exposure; different runtime or model is not a causal pair
A2,a2-resume-v3,a2-12-T,mwaskom__seaborn-3187,T,600000,28,False,SWE-bench official,official_scored,modelbench\minimal_value_20260905\batches\a2-resume-v3\results\a2-12-T\episode_result.json,8,12,,552719,,,Descriptive exposure; different runtime or model is not a causal pair
A2,a2-resume-v3,a2-12-S,mwaskom__seaborn-3187,S,600000,28,False,SWE-bench official,official_scored,modelbench\minimal_value_20260905\batches\a2-resume-v3\results\a2-12-S\episode_result.json,8,12,,552192,,,Descriptive exposure; different runtime or model is not a causal pair
A2,a2-resume-v3,a2-12-L,mwaskom__seaborn-3187,L,600000,28,False,SWE-bench official,official_scored,modelbench\minimal_value_20260905\batches\a2-resume-v3\results\a2-12-L\episode_result.json,8,12,,578871,,,Descriptive exposure; different runtime or model is not a causal pair
A2,a2-resume-v3,a2-12-R2,mwaskom__seaborn-3187,R2,600000,28,False,SWE-bench official,official_scored,modelbench\minimal_value_20260905\batches\a2-resume-v3\results\a2-12-R2\episode_result.json,8,12,,524096,,,Descriptive exposure; different runtime or model is not a causal pair
A2,a2-resume-v3,a2-12-D,mwaskom__seaborn-3187,D,600000,28,False,SWE-bench official,official_scored,modelbench\minimal_value_20260905\batches\a2-resume-v3\results\a2-12-D\episode_result.json,8,12,,576183,,,Descriptive exposure; different runtime or model is not a causal pair
A2,a2-resume-v3,a2-13-S,astropy__astropy-8872,S,600000,28,True,SWE-bench official,official_scored,modelbench\minimal_value_20260905\batches\a2-resume-v3\results\a2-13-S\episode_result.json,8,12,,398250,,,Descriptive exposure; different runtime or model is not a causal pair
A2,a2-resume-v3,a2-13-L,astropy__astropy-8872,L,600000,28,True,SWE-bench official,official_scored,modelbench\minimal_value_20260905\batches\a2-resume-v3\results\a2-13-L\episode_result.json,8,12,,571953,,,Descriptive exposure; different runtime or model is not a causal pair
A2,a2-resume-v3,a2-13-R2,astropy__astropy-8872,R2,600000,28,True,SWE-bench official,official_scored,modelbench\minimal_value_20260905\batches\a2-resume-v3\results\a2-13-R2\episode_result.json,8,12,,521941,,,Descriptive exposure; different runtime or model is not a causal pair
A2,a2-resume-v3,a2-13-D,astropy__astropy-8872,D,600000,28,True,SWE-bench official,official_scored,modelbench\minimal_value_20260905\batches\a2-resume-v3\results\a2-13-D\episode_result.json,8,12,,349429,,,Descriptive exposure; different runtime or model is not a causal pair
A2,a2-resume-v3,a2-13-T,astropy__astropy-8872,T,600000,28,True,SWE-bench official,official_scored,modelbench\minimal_value_20260905\batches\a2-resume-v3\results\a2-13-T\episode_result.json,8,12,,384209,,,Descriptive exposure; different runtime or model is not a causal pair
A2,a2-resume-v3,a2-14-L,sphinx-doc__sphinx-8548,L,600000,28,False,SWE-bench official,official_scored,modelbench\minimal_value_20260905\batches\a2-resume-v3\results\a2-14-L\episode_result.json,8,12,,561508,,,Descriptive exposure; different runtime or model is not a causal pair
A2,a2-resume-v3,a2-14-R2,sphinx-doc__sphinx-8548,R2,600000,28,False,SWE-bench official,official_scored,modelbench\minimal_value_20260905\batches\a2-resume-v3\results\a2-14-R2\episode_result.json,8,12,,511857,,,Descriptive exposure; different runtime or model is not a causal pair
A2,a2-resume-v3,a2-14-D,sphinx-doc__sphinx-8548,D,600000,28,False,SWE-bench official,official_scored,modelbench\minimal_value_20260905\batches\a2-resume-v3\results\a2-14-D\episode_result.json,8,12,,544247,,,Descriptive exposure; different runtime or model is not a causal pair
A2,a2-resume-v3,a2-14-T,sphinx-doc__sphinx-8548,T,600000,28,False,SWE-bench official,official_scored,modelbench\minimal_value_20260905\batches\a2-resume-v3\results\a2-14-T\episode_result.json,8,12,,576757,,,Descriptive exposure; different runtime or model is not a causal pair
A2,a2-resume-v3,a2-14-S,sphinx-doc__sphinx-8548,S,600000,28,False,SWE-bench official,official_scored,modelbench\minimal_value_20260905\batches\a2-resume-v3\results\a2-14-S\episode_result.json,8,12,,543914,,,Descriptive exposure; different runtime or model is not a causal pair
A2,a2-resume-v3,a2-15-R2,pydata__xarray-6992,R2,600000,28,False,SWE-bench official,official_scored,modelbench\minimal_value_20260905\batches\a2-resume-v3\results\a2-15-R2\episode_result.json,8,12,,424750,,,Descriptive exposure; different runtime or model is not a causal pair
A2,a2-resume-v3,a2-15-D,pydata__xarray-6992,D,600000,28,False,SWE-bench official,official_scored,modelbench\minimal_value_20260905\batches\a2-resume-v3\results\a2-15-D\episode_result.json,8,12,,563577,,,Descriptive exposure; different runtime or model is not a causal pair
A2,a2-resume-v3,a2-15-T,pydata__xarray-6992,T,600000,28,False,SWE-bench official,official_scored,modelbench\minimal_value_20260905\batches\a2-resume-v3\results\a2-15-T\episode_result.json,8,12,,488147,,,Descriptive exposure; different runtime or model is not a causal pair
A2,a2-resume-v3,a2-15-S,pydata__xarray-6992,S,600000,28,False,SWE-bench official,official_scored,modelbench\minimal_value_20260905\batches\a2-resume-v3\results\a2-15-S\episode_result.json,8,12,,440361,,,Descriptive exposure; different runtime or model is not a causal pair
A2,a2-resume-v3,a2-15-L,pydata__xarray-6992,L,600000,28,False,SWE-bench official,official_scored,modelbench\minimal_value_20260905\batches\a2-resume-v3\results\a2-15-L\episode_result.json,8,12,,240662,,,Descriptive exposure; different runtime or model is not a causal pair
A2,a2-resume-v3,a2-16-D,pytest-dev__pytest-7982,D,600000,28,True,SWE-bench official,official_scored,modelbench\minimal_value_20260905\batches\a2-resume-v3\results\a2-16-D\episode_result.json,8,12,,332130,,,Descriptive exposure; different runtime or model is not a causal pair
A2,a2-resume-v3,a2-16-T,pytest-dev__pytest-7982,T,600000,28,True,SWE-bench official,official_scored,modelbench\minimal_value_20260905\batches\a2-resume-v3\results\a2-16-T\episode_result.json,8,12,,390779,,,Descriptive exposure; different runtime or model is not a causal pair
A2,a2-resume-v3,a2-16-S,pytest-dev__pytest-7982,S,600000,28,True,SWE-bench official,official_scored,modelbench\minimal_value_20260905\batches\a2-resume-v3\results\a2-16-S\episode_result.json,8,12,,180376,,,Descriptive exposure; different runtime or model is not a causal pair
A2,a2-resume-v3,a2-16-L,pytest-dev__pytest-7982,L,600000,28,True,SWE-bench official,official_scored,modelbench\minimal_value_20260905\batches\a2-resume-v3\results\a2-16-L\episode_result.json,8,12,,342210,,,Descriptive exposure; different runtime or model is not a causal pair
A2,a2-resume-v3,a2-16-R2,pytest-dev__pytest-7982,R2,600000,28,True,SWE-bench official,official_scored,modelbench\minimal_value_20260905\batches\a2-resume-v3\results\a2-16-R2\episode_result.json,8,12,,333645,,,Descriptive exposure; different runtime or model is not a causal pair
A2,a2-backfill-v1,a2-05-R2,scikit-learn__scikit-learn-14496,R2,600000,28,True,SWE-bench official,official_scored,modelbench\minimal_value_20260905\batches\a2-backfill-v1\results\a2-05-R2\episode_result.json,8,12,,491637,,,Descriptive exposure; different runtime or model is not a causal pair
A2,a2-backfill-v1,a2-05-T,scikit-learn__scikit-learn-14496,T,600000,28,True,SWE-bench official,official_scored,modelbench\minimal_value_20260905\batches\a2-backfill-v1\results\a2-05-T\episode_result.json,8,12,,534160,,,Descriptive exposure; different runtime or model is not a causal pair
A2,a2-backfill-v1,a2-05-S,scikit-learn__scikit-learn-14496,S,600000,28,True,SWE-bench official,official_scored,modelbench\minimal_value_20260905\batches\a2-backfill-v1\results\a2-05-S\episode_result.json,8,12,,331256,,,Descriptive exposure; different runtime or model is not a causal pair
A2,a2-backfill-v1,a2-09-D,pylint-dev__pylint-6386,D,600000,28,False,SWE-bench official,official_scored,modelbench\minimal_value_20260905\batches\a2-backfill-v1\results\a2-09-D\episode_result.json,8,12,,530116,,,Descriptive exposure; different runtime or model is not a causal pair
A2,a2-backfill-v1,a2-09-T,pylint-dev__pylint-6386,T,600000,28,True,SWE-bench official,official_scored,modelbench\minimal_value_20260905\batches\a2-backfill-v1\results\a2-09-T\episode_result.json,8,12,,548136,,,Descriptive exposure; different runtime or model is not a causal pair
A2,a2-backfill-v1,a2-09-S,pylint-dev__pylint-6386,S,600000,28,False,SWE-bench official,official_scored,modelbench\minimal_value_20260905\batches\a2-backfill-v1\results\a2-09-S\episode_result.json,8,12,,565053,,,Descriptive exposure; different runtime or model is not a causal pair
A2,a2-backfill-v1,a2-10-D,sympy__sympy-22456,D,600000,28,True,SWE-bench official,official_scored,modelbench\minimal_value_20260905\batches\a2-backfill-v1\results\a2-10-D\episode_result.json,8,12,,562387,,,Descriptive exposure; different runtime or model is not a causal pair
B1,b1-coding-continuation-v1,b1-r1-q05-D00,matplotlib__matplotlib-20826,D00,600000,28,False,SWE-bench official,official_valid,modelbench\big_budget_team_20260906\batches\b1-coding-continuation-v1\results\b1-r1-q05-D00\episode_result.json,8,12,,563399,563399,,Descriptive exposure; different runtime or model is not a causal pair
B1,b1-coding-continuation-v1,b1-r1-q05-D11,matplotlib__matplotlib-20826,D11,2400000,160,True,SWE-bench official,official_valid,modelbench\big_budget_team_20260906\batches\b1-coding-continuation-v1\results\b1-r1-q05-D11\episode_result.json,48,64,,2383182,2383182,,Descriptive exposure; different runtime or model is not a causal pair
B1,b1-coding-continuation-v1,b1-r1-q05-F-S,matplotlib__matplotlib-20826,F-S,2400000,160,True,SWE-bench official,official_valid,modelbench\big_budget_team_20260906\batches\b1-coding-continuation-v1\results\b1-r1-q05-F-S\episode_result.json,48,64,,1258003,1258003,,Descriptive exposure; different runtime or model is not a causal pair
B1,b1-coding-continuation-v1,b1-r1-q05-F-T,matplotlib__matplotlib-20826,F-T,2400000,160,False,SWE-bench official,official_valid,modelbench\big_budget_team_20260906\batches\b1-coding-continuation-v1\results\b1-r1-q05-F-T\episode_result.json,48,64,,2362262,2362262,,Descriptive exposure; different runtime or model is not a causal pair
B1,b1-coding-continuation-v1,b1-r1-q05-S-FF,matplotlib__matplotlib-20826,S-FF,2400000,160,True,SWE-bench official,official_valid,modelbench\big_budget_team_20260906\batches\b1-coding-continuation-v1\results\b1-r1-q05-S-FF\episode_result.json,48,64,,2391264,2391264,,Descriptive exposure; different runtime or model is not a causal pair
B1,b1-coding-continuation-v1,b1-r1-q05-S-S,matplotlib__matplotlib-20826,S-S,2400000,160,False,SWE-bench official,official_valid;transport_or_tool_policy_termination,modelbench\big_budget_team_20260906\batches\b1-coding-continuation-v1\results\b1-r1-q05-S-S\episode_result.json,48,64,,1711174,1711174,,Descriptive exposure; different runtime or model is not a causal pair
B1,b1-coding-continuation-v1,b1-r1-q05-T00,matplotlib__matplotlib-20826,T00,600000,28,True,SWE-bench official,official_valid,modelbench\big_budget_team_20260906\batches\b1-coding-continuation-v1\results\b1-r1-q05-T00\episode_result.json,8,12,,568671,568671,,Descriptive exposure; different runtime or model is not a causal pair
B1,b1-coding-continuation-v1,b1-r1-q05-T01,matplotlib__matplotlib-20826,T01,600000,160,False,SWE-bench official,official_valid,modelbench\big_budget_team_20260906\batches\b1-coding-continuation-v1\results\b1-r1-q05-T01\episode_result.json,48,64,,547565,547565,,Descriptive exposure; different runtime or model is not a causal pair
B1,b1-coding-continuation-v1,b1-r1-q05-T10,matplotlib__matplotlib-20826,T10,2400000,28,True,SWE-bench official,official_valid,modelbench\big_budget_team_20260906\batches\b1-coding-continuation-v1\results\b1-r1-q05-T10\episode_result.json,8,12,,663723,663723,,Descriptive exposure; different runtime or model is not a causal pair
B1,b1-coding-continuation-v1,b1-r1-q05-T11,matplotlib__matplotlib-20826,T11,2400000,160,False,SWE-bench official,official_valid,modelbench\big_budget_team_20260906\batches\b1-coding-continuation-v1\results\b1-r1-q05-T11\episode_result.json,48,64,,2356531,2356531,,Descriptive exposure; different runtime or model is not a causal pair
B1,b1-mvp-six-v1,b1-r1-q04-S-S,pydata__xarray-6992,S-S,2400000,160,False,SWE-bench official,official_valid,modelbench\big_budget_team_20260906\batches\b1-mvp-six-v1\results\b1-r1-q04-S-S\episode_result.json,48,64,,716718,716718,,Descriptive exposure; different runtime or model is not a causal pair
B1,b1-mvp-six-v1,b1-r1-q04-T00,pydata__xarray-6992,T00,600000,28,False,SWE-bench official,official_valid,modelbench\big_budget_team_20260906\batches\b1-mvp-six-v1\results\b1-r1-q04-T00\episode_result.json,8,12,,348965,348965,,Descriptive exposure; different runtime or model is not a causal pair
B1,b1-mvp-six-v1,b1-r1-q04-T11,pydata__xarray-6992,T11,2400000,160,False,SWE-bench official,official_valid,modelbench\big_budget_team_20260906\batches\b1-mvp-six-v1\results\b1-r1-q04-T11\episode_result.json,48,64,,1016250,1016250,,Descriptive exposure; different runtime or model is not a causal pair
B1,b1-mvp-six-v1,b1-r1-q06-S-S,pylint-dev__pylint-6386,S-S,2400000,160,False,SWE-bench official,official_valid,modelbench\big_budget_team_20260906\batches\b1-mvp-six-v1\results\b1-r1-q06-S-S\episode_result.json,48,64,,2364697,2364697,,Descriptive exposure; different runtime or model is not a causal pair
B1,b1-mvp-six-v1,b1-r1-q06-T00,pylint-dev__pylint-6386,T00,600000,28,True,SWE-bench official,official_valid,modelbench\big_budget_team_20260906\batches\b1-mvp-six-v1\results\b1-r1-q06-T00\episode_result.json,8,12,,566004,566004,,Descriptive exposure; different runtime or model is not a causal pair
B1,b1-mvp-six-v1,b1-r1-q06-T11,pylint-dev__pylint-6386,T11,2400000,160,True,SWE-bench official,official_valid,modelbench\big_budget_team_20260906\batches\b1-mvp-six-v1\results\b1-r1-q06-T11\episode_result.json,48,64,,1175076,1175076,,Descriptive exposure; different runtime or model is not a causal pair
B1,b1-stream-continuation-v1,b1-r1-q06-F-T,pylint-dev__pylint-6386,F-T,2400000,160,,SWE-bench official,interrupted_unscored,None,48,64,,,1194616,,Descriptive exposure; different runtime or model is not a causal pair
B1,b1-stream-continuation-v1,b1-r1-q06-T01,pylint-dev__pylint-6386,T01,600000,160,False,SWE-bench official,official_valid,modelbench\big_budget_team_20260906\batches\b1-stream-continuation-v1\results\b1-r1-q06-T01\episode_result.json,48,64,,567100,567100,,Descriptive exposure; different runtime or model is not a causal pair
B1,b1-stream-continuation-v1,b1-r1-q06-T11,pylint-dev__pylint-6386,T11,2400000,160,,SWE-bench official,interrupted_unscored,None,48,64,,,1628089,,Descriptive exposure; different runtime or model is not a causal pair
B1,b1-v1,b1-r1-q06-D00,pylint-dev__pylint-6386,D00,600000,28,False,SWE-bench official,official_valid_usage_unknown,modelbench\big_budget_team_20260906\batches\b1-v1\results\b1-r1-q06-D00\episode_result.json,8,12,,,513588,,Descriptive exposure; different runtime or model is not a causal pair
B1,b1-v1,b1-r1-q06-D11,pylint-dev__pylint-6386,D11,2400000,160,False,SWE-bench official,official_valid,modelbench\big_budget_team_20260906\batches\b1-v1\results\b1-r1-q06-D11\episode_result.json,48,64,,2381983,2381983,,Descriptive exposure; different runtime or model is not a causal pair
B1,b1-v1,b1-r1-q06-F-S,pylint-dev__pylint-6386,F-S,2400000,160,False,SWE-bench official,official_valid_usage_unknown;transport_or_tool_policy_termination,modelbench\big_budget_team_20260906\batches\b1-v1\results\b1-r1-q06-F-S\episode_result.json,48,64,,,214229,,Descriptive exposure; different runtime or model is not a causal pair
B1,b1-v1,b1-r1-q06-S-FF,pylint-dev__pylint-6386,S-FF,2400000,160,False,SWE-bench official,official_valid_usage_unknown,modelbench\big_budget_team_20260906\batches\b1-v1\results\b1-r1-q06-S-FF\episode_result.json,48,64,,,2286562,,Descriptive exposure; different runtime or model is not a causal pair
B1,b1-v1,b1-r1-q06-S-S,pylint-dev__pylint-6386,S-S,2400000,160,False,SWE-bench official,official_valid,modelbench\big_budget_team_20260906\batches\b1-v1\results\b1-r1-q06-S-S\episode_result.json,48,64,,2387207,2387207,,Descriptive exposure; different runtime or model is not a causal pair
B1,b1-v1,b1-r1-q06-T00,pylint-dev__pylint-6386,T00,600000,28,True,SWE-bench official,official_valid_usage_unknown,modelbench\big_budget_team_20260906\batches\b1-v1\results\b1-r1-q06-T00\episode_result.json,8,12,,,425124,,Descriptive exposure; different runtime or model is not a causal pair
B1,b1-v1,b1-r1-q06-T10,pylint-dev__pylint-6386,T10,2400000,28,True,SWE-bench official,official_valid,modelbench\big_budget_team_20260906\batches\b1-v1\results\b1-r1-q06-T10\episode_result.json,8,12,,511933,511933,,Descriptive exposure; different runtime or model is not a causal pair
swe_fixed_team_20260903,hard_canary_20260905,pydata__xarray-7229__hetero_gpt-5.6-terra__glm-5.3,pydata__xarray-7229,hetero_gpt-5.6-terra__glm-5.3,600000,28,False,SWE-bench Verified pinned official harness,official_scored,modelbench\swe_fixed_team_20260903\hard_canary_20260905\results\pydata__xarray-7229__hetero_gpt-5.6-terra__glm-5.3\result.json,8,12,,535701,535701,64299,Descriptive exposure; different runtime or model is not a causal pair
swe_fixed_team_20260903,pilot_v1,matplotlib__matplotlib-25122__fixed_glm-5.3,matplotlib__matplotlib-25122,fixed_glm-5.3,600000,28,,SWE-bench Verified pinned official harness,pre_model_environment_failure,modelbench\swe_fixed_team_20260903\pilot_v1\results\matplotlib__matplotlib-25122__fixed_glm-5.3\result.json,8,,,0,0,600000,Descriptive exposure; different runtime or model is not a causal pair
swe_fixed_team_20260903,pilot_v1,matplotlib__matplotlib-25122__solo,matplotlib__matplotlib-25122,solo,600000,28,,SWE-bench Verified pinned official harness,pre_model_environment_failure,modelbench\swe_fixed_team_20260903\pilot_v1\results\matplotlib__matplotlib-25122__solo\result.json,8,,,0,0,600000,Descriptive exposure; different runtime or model is not a causal pair
swe_fixed_team_20260903,pilot_v10,sphinx-doc__sphinx-8035__hetero_gpt-5.6-terra__glm-5.3,sphinx-doc__sphinx-8035,hetero_gpt-5.6-terra__glm-5.3,600000,28,True,SWE-bench Verified pinned official harness,official_scored,modelbench\swe_fixed_team_20260903\pilot_v10\results\sphinx-doc__sphinx-8035__hetero_gpt-5.6-terra__glm-5.3\result.json,8,12,,508455,508455,91545,Descriptive exposure; different runtime or model is not a causal pair
swe_fixed_team_20260903,pilot_v10,sphinx-doc__sphinx-8035__hetero_gpt-5.6-terra__glm-5.3.rep2,sphinx-doc__sphinx-8035,hetero_gpt-5.6-terra__glm-5.3,600000,28,True,SWE-bench Verified pinned official harness,official_scored,modelbench\swe_fixed_team_20260903\pilot_v10\results\sphinx-doc__sphinx-8035__hetero_gpt-5.6-terra__glm-5.3.rep2\result.json,8,12,,566623,566623,33377,Descriptive exposure; different runtime or model is not a causal pair
swe_fixed_team_20260903,pilot_v10,sphinx-doc__sphinx-8035__hetero_gpt-5.6-terra__glm-5.3.rep3,sphinx-doc__sphinx-8035,hetero_gpt-5.6-terra__glm-5.3,600000,28,True,SWE-bench Verified pinned official harness,official_scored,modelbench\swe_fixed_team_20260903\pilot_v10\results\sphinx-doc__sphinx-8035__hetero_gpt-5.6-terra__glm-5.3.rep3\result.json,8,12,,577360,577360,22640,Descriptive exposure; different runtime or model is not a causal pair
swe_fixed_team_20260903,pilot_v10,sphinx-doc__sphinx-8035__heterooff_gpt-5.6-terra__glm-5.3,sphinx-doc__sphinx-8035,heterooff_gpt-5.6-terra__glm-5.3,600000,28,True,SWE-bench Verified pinned official harness,official_scored,modelbench\swe_fixed_team_20260903\pilot_v10\results\sphinx-doc__sphinx-8035__heterooff_gpt-5.6-terra__glm-5.3\result.json,8,12,,506689,506689,93311,Descriptive exposure; different runtime or model is not a causal pair
swe_fixed_team_20260903,pilot_v10,sphinx-doc__sphinx-8035__heterooff_gpt-5.6-terra__glm-5.3.rep2,sphinx-doc__sphinx-8035,heterooff_gpt-5.6-terra__glm-5.3,600000,28,True,SWE-bench Verified pinned official harness,official_scored,modelbench\swe_fixed_team_20260903\pilot_v10\results\sphinx-doc__sphinx-8035__heterooff_gpt-5.6-terra__glm-5.3.rep2\result.json,8,12,,539046,539046,60954,Descriptive exposure; different runtime or model is not a causal pair
swe_fixed_team_20260903,pilot_v10,sphinx-doc__sphinx-8035__heterooff_gpt-5.6-terra__glm-5.3.rep3,sphinx-doc__sphinx-8035,heterooff_gpt-5.6-terra__glm-5.3,600000,28,True,SWE-bench Verified pinned official harness,official_scored,modelbench\swe_fixed_team_20260903\pilot_v10\results\sphinx-doc__sphinx-8035__heterooff_gpt-5.6-terra__glm-5.3.rep3\result.json,8,12,,555423,555423,44577,Descriptive exposure; different runtime or model is not a causal pair
swe_fixed_team_20260903,pilot_v10,sphinx-doc__sphinx-8035__solo_gpt-5.6-sol,sphinx-doc__sphinx-8035,solo_gpt-5.6-sol,600000,28,False,SWE-bench Verified pinned official harness,official_scored,modelbench\swe_fixed_team_20260903\pilot_v10\results\sphinx-doc__sphinx-8035__solo_gpt-5.6-sol\result.json,8,12,,544819,544819,55181,Descriptive exposure; different runtime or model is not a causal pair
swe_fixed_team_20260903,pilot_v10,sphinx-doc__sphinx-8035__solo_gpt-5.6-sol.rep2,sphinx-doc__sphinx-8035,solo_gpt-5.6-sol,600000,28,False,SWE-bench Verified pinned official harness,official_scored,modelbench\swe_fixed_team_20260903\pilot_v10\results\sphinx-doc__sphinx-8035__solo_gpt-5.6-sol.rep2\result.json,8,12,,574411,574411,25589,Descriptive exposure; different runtime or model is not a causal pair
swe_fixed_team_20260903,pilot_v10,sphinx-doc__sphinx-8035__solo_gpt-5.6-sol.rep3,sphinx-doc__sphinx-8035,solo_gpt-5.6-sol,600000,28,False,SWE-bench Verified pinned official harness,official_scored,modelbench\swe_fixed_team_20260903\pilot_v10\results\sphinx-doc__sphinx-8035__solo_gpt-5.6-sol.rep3\result.json,8,12,,577958,577958,22042,Descriptive exposure; different runtime or model is not a causal pair
swe_fixed_team_20260903,pilot_v11,sphinx-doc__sphinx-8035__fixed_deepseek-v4-flash,sphinx-doc__sphinx-8035,fixed_deepseek-v4-flash,900000,40,False,SWE-bench Verified pinned official harness,official_scored,modelbench\swe_fixed_team_20260903\pilot_v11\results\sphinx-doc__sphinx-8035__fixed_deepseek-v4-flash\result.json,16,12,,662899,662899,237101,Descriptive exposure; different runtime or model is not a causal pair
swe_fixed_team_20260903,pilot_v11,sphinx-doc__sphinx-8035__fixed_glm-5.3,sphinx-doc__sphinx-8035,fixed_glm-5.3,900000,40,True,SWE-bench Verified pinned official harness,official_scored,modelbench\swe_fixed_team_20260903\pilot_v11\results\sphinx-doc__sphinx-8035__fixed_glm-5.3\result.json,16,12,,541845,541845,358155,Descriptive exposure; different runtime or model is not a causal pair
swe_fixed_team_20260903,pilot_v11,sphinx-doc__sphinx-8035__fixed_glm-5.3.rep2,sphinx-doc__sphinx-8035,fixed_glm-5.3,900000,40,True,SWE-bench Verified pinned official harness,official_scored,modelbench\swe_fixed_team_20260903\pilot_v11\results\sphinx-doc__sphinx-8035__fixed_glm-5.3.rep2\result.json,16,12,,507186,507186,392814,Descriptive exposure; different runtime or model is not a causal pair
swe_fixed_team_20260903,pilot_v11,sphinx-doc__sphinx-8035__fixed_gpt-5.6-sol,sphinx-doc__sphinx-8035,fixed_gpt-5.6-sol,900000,40,False,SWE-bench Verified pinned official harness,official_scored,modelbench\swe_fixed_team_20260903\pilot_v11\results\sphinx-doc__sphinx-8035__fixed_gpt-5.6-sol\result.json,16,12,,854227,854227,45773,Descriptive exposure; different runtime or model is not a causal pair
swe_fixed_team_20260903,pilot_v11,sphinx-doc__sphinx-8035__fixed_gpt-5.6-sol.rep2,sphinx-doc__sphinx-8035,fixed_gpt-5.6-sol,900000,40,True,SWE-bench Verified pinned official harness,official_scored,modelbench\swe_fixed_team_20260903\pilot_v11\results\sphinx-doc__sphinx-8035__fixed_gpt-5.6-sol.rep2\result.json,16,12,,855330,855330,44670,Descriptive exposure; different runtime or model is not a causal pair
swe_fixed_team_20260903,pilot_v11,sphinx-doc__sphinx-8035__hetero_gpt-5.6-terra__glm-5.3,sphinx-doc__sphinx-8035,hetero_gpt-5.6-terra__glm-5.3,900000,40,False,SWE-bench Verified pinned official harness,official_scored,modelbench\swe_fixed_team_20260903\pilot_v11\results\sphinx-doc__sphinx-8035__hetero_gpt-5.6-terra__glm-5.3\result.json,16,12,,837772,837772,62228,Descriptive exposure; different runtime or model is not a causal pair
swe_fixed_team_20260903,pilot_v11,sphinx-doc__sphinx-8035__hetero_gpt-5.6-terra__glm-5.3.rep2,sphinx-doc__sphinx-8035,hetero_gpt-5.6-terra__glm-5.3,900000,40,True,SWE-bench Verified pinned official harness,official_scored,modelbench\swe_fixed_team_20260903\pilot_v11\results\sphinx-doc__sphinx-8035__hetero_gpt-5.6-terra__glm-5.3.rep2\result.json,16,12,,863114,863114,36886,Descriptive exposure; different runtime or model is not a causal pair
swe_fixed_team_20260903,pilot_v12,astropy__astropy-14995__hetero_gpt-5.6-terra__glm-5.3,astropy__astropy-14995,hetero_gpt-5.6-terra__glm-5.3,600000,28,True,SWE-bench Verified pinned official harness,official_scored,modelbench\swe_fixed_team_20260903\pilot_v12\results\astropy__astropy-14995__hetero_gpt-5.6-terra__glm-5.3\result.json,8,12,,338186,338186,261814,Descriptive exposure; different runtime or model is not a causal pair
swe_fixed_team_20260903,pilot_v12,astropy__astropy-14995__hetero_gpt-5.6-terra__glm-5.3.rep2,astropy__astropy-14995,hetero_gpt-5.6-terra__glm-5.3,600000,28,True,SWE-bench Verified pinned official harness,official_scored,modelbench\swe_fixed_team_20260903\pilot_v12\results\astropy__astropy-14995__hetero_gpt-5.6-terra__glm-5.3.rep2\result.json,8,12,,394345,394345,205655,Descriptive exposure; different runtime or model is not a causal pair
swe_fixed_team_20260903,pilot_v12,astropy__astropy-14995__hetero_gpt-5.6-terra__glm-5.3.rep3,astropy__astropy-14995,hetero_gpt-5.6-terra__glm-5.3,600000,28,True,SWE-bench Verified pinned official harness,official_scored,modelbench\swe_fixed_team_20260903\pilot_v12\results\astropy__astropy-14995__hetero_gpt-5.6-terra__glm-5.3.rep3\result.json,8,12,,463511,463511,136489,Descriptive exposure; different runtime or model is not a causal pair
swe_fixed_team_20260903,pilot_v12,astropy__astropy-14995__heterooff_gpt-5.6-terra__glm-5.3,astropy__astropy-14995,heterooff_gpt-5.6-terra__glm-5.3,600000,28,True,SWE-bench Verified pinned official harness,official_scored,modelbench\swe_fixed_team_20260903\pilot_v12\results\astropy__astropy-14995__heterooff_gpt-5.6-terra__glm-5.3\result.json,8,12,,458340,458340,141660,Descriptive exposure; different runtime or model is not a causal pair
swe_fixed_team_20260903,pilot_v12,astropy__astropy-14995__heterooff_gpt-5.6-terra__glm-5.3.rep2,astropy__astropy-14995,heterooff_gpt-5.6-terra__glm-5.3,600000,28,True,SWE-bench Verified pinned official harness,official_scored,modelbench\swe_fixed_team_20260903\pilot_v12\results\astropy__astropy-14995__heterooff_gpt-5.6-terra__glm-5.3.rep2\result.json,8,12,,364593,364593,235407,Descriptive exposure; different runtime or model is not a causal pair
swe_fixed_team_20260903,pilot_v12,astropy__astropy-14995__heterooff_gpt-5.6-terra__glm-5.3.rep3,astropy__astropy-14995,heterooff_gpt-5.6-terra__glm-5.3,600000,28,True,SWE-bench Verified pinned official harness,official_scored,modelbench\swe_fixed_team_20260903\pilot_v12\results\astropy__astropy-14995__heterooff_gpt-5.6-terra__glm-5.3.rep3\result.json,8,12,,403333,403333,196667,Descriptive exposure; different runtime or model is not a causal pair
swe_fixed_team_20260903,pilot_v12,astropy__astropy-14995__solo_gpt-5.6-sol,astropy__astropy-14995,solo_gpt-5.6-sol,600000,28,True,SWE-bench Verified pinned official harness,official_scored,modelbench\swe_fixed_team_20260903\pilot_v12\results\astropy__astropy-14995__solo_gpt-5.6-sol\result.json,8,12,,311322,311322,288678,Descriptive exposure; different runtime or model is not a causal pair
swe_fixed_team_20260903,pilot_v12,astropy__astropy-14995__solo_gpt-5.6-sol.rep2,astropy__astropy-14995,solo_gpt-5.6-sol,600000,28,True,SWE-bench Verified pinned official harness,official_scored,modelbench\swe_fixed_team_20260903\pilot_v12\results\astropy__astropy-14995__solo_gpt-5.6-sol.rep2\result.json,8,12,,297100,297100,302900,Descriptive exposure; different runtime or model is not a causal pair
swe_fixed_team_20260903,pilot_v12,astropy__astropy-14995__solo_gpt-5.6-sol.rep3,astropy__astropy-14995,solo_gpt-5.6-sol,600000,28,True,SWE-bench Verified pinned official harness,official_scored,modelbench\swe_fixed_team_20260903\pilot_v12\results\astropy__astropy-14995__solo_gpt-5.6-sol.rep3\result.json,8,12,,392297,392297,207703,Descriptive exposure; different runtime or model is not a causal pair
swe_fixed_team_20260903,pilot_v13,sphinx-doc__sphinx-8035__heterooff_gpt-5.6-terra__glm-5.3.cm24,sphinx-doc__sphinx-8035,heterooff_gpt-5.6-terra__glm-5.3.cm24,600000,28,True,SWE-bench Verified pinned official harness,official_scored,modelbench\swe_fixed_team_20260903\pilot_v13\results\sphinx-doc__sphinx-8035__heterooff_gpt-5.6-terra__glm-5.3.cm24\result.json,8,24,,542527,542527,57473,Descriptive exposure; different runtime or model is not a causal pair
swe_fixed_team_20260903,pilot_v13,sphinx-doc__sphinx-8035__heterooff_gpt-5.6-terra__glm-5.3.cm6,sphinx-doc__sphinx-8035,heterooff_gpt-5.6-terra__glm-5.3.cm6,600000,28,True,SWE-bench Verified pinned official harness,official_scored,modelbench\swe_fixed_team_20260903\pilot_v13\results\sphinx-doc__sphinx-8035__heterooff_gpt-5.6-terra__glm-5.3.cm6\result.json,8,6,,557564,557564,42436,Descriptive exposure; different runtime or model is not a causal pair
swe_fixed_team_20260903,pilot_v13,sphinx-doc__sphinx-8035__solo_gpt-5.6-sol.cm24,sphinx-doc__sphinx-8035,solo_gpt-5.6-sol.cm24,600000,28,False,SWE-bench Verified pinned official harness,official_scored,modelbench\swe_fixed_team_20260903\pilot_v13\results\sphinx-doc__sphinx-8035__solo_gpt-5.6-sol.cm24\result.json,8,24,,571281,571281,28719,Descriptive exposure; different runtime or model is not a causal pair
swe_fixed_team_20260903,pilot_v13,sphinx-doc__sphinx-8035__solo_gpt-5.6-sol.cm24.rep2,sphinx-doc__sphinx-8035,solo_gpt-5.6-sol.cm24,600000,28,False,SWE-bench Verified pinned official harness,official_scored,modelbench\swe_fixed_team_20260903\pilot_v13\results\sphinx-doc__sphinx-8035__solo_gpt-5.6-sol.cm24.rep2\result.json,8,24,,574549,574549,25451,Descriptive exposure; different runtime or model is not a causal pair
swe_fixed_team_20260903,pilot_v13,sphinx-doc__sphinx-8035__solo_gpt-5.6-sol.cm6,sphinx-doc__sphinx-8035,solo_gpt-5.6-sol.cm6,600000,28,True,SWE-bench Verified pinned official harness,official_scored,modelbench\swe_fixed_team_20260903\pilot_v13\results\sphinx-doc__sphinx-8035__solo_gpt-5.6-sol.cm6\result.json,8,6,,559598,559598,40402,Descriptive exposure; different runtime or model is not a causal pair
swe_fixed_team_20260903,pilot_v13,sphinx-doc__sphinx-8035__solo_gpt-5.6-sol.cm6.rep2,sphinx-doc__sphinx-8035,solo_gpt-5.6-sol.cm6,600000,28,True,SWE-bench Verified pinned official harness,official_scored,modelbench\swe_fixed_team_20260903\pilot_v13\results\sphinx-doc__sphinx-8035__solo_gpt-5.6-sol.cm6.rep2\result.json,8,6,,529640,529640,70360,Descriptive exposure; different runtime or model is not a causal pair
swe_fixed_team_20260903,pilot_v14,django__django-14140__solo_gpt-5.6-sol,django__django-14140,solo_gpt-5.6-sol,600000,28,True,SWE-bench Verified pinned official harness,official_scored,modelbench\swe_fixed_team_20260903\pilot_v14\results\django__django-14140__solo_gpt-5.6-sol\result.json,8,12,,291421,291421,308579,Descriptive exposure; different runtime or model is not a causal pair
swe_fixed_team_20260903,pilot_v14,matplotlib__matplotlib-25122__solo_gpt-5.6-sol,matplotlib__matplotlib-25122,solo_gpt-5.6-sol,600000,28,True,SWE-bench Verified pinned official harness,official_scored,modelbench\swe_fixed_team_20260903\pilot_v14\results\matplotlib__matplotlib-25122__solo_gpt-5.6-sol\result.json,8,12,,174385,174385,425615,Descriptive exposure; different runtime or model is not a causal pair
swe_fixed_team_20260903,pilot_v14,mwaskom__seaborn-3069__solo_gpt-5.6-sol,mwaskom__seaborn-3069,solo_gpt-5.6-sol,600000,28,False,SWE-bench Verified pinned official harness,official_scored,modelbench\swe_fixed_team_20260903\pilot_v14\results\mwaskom__seaborn-3069__solo_gpt-5.6-sol\result.json,8,12,,558069,558069,41931,Descriptive exposure; different runtime or model is not a causal pair
swe_fixed_team_20260903,pilot_v14,pallets__flask-5014__solo_gpt-5.6-sol,pallets__flask-5014,solo_gpt-5.6-sol,600000,28,True,SWE-bench Verified pinned official harness,official_scored,modelbench\swe_fixed_team_20260903\pilot_v14\results\pallets__flask-5014__solo_gpt-5.6-sol\result.json,8,12,,91408,91408,508592,Descriptive exposure; different runtime or model is not a causal pair
swe_fixed_team_20260903,pilot_v14,pydata__xarray-7229__solo_gpt-5.6-sol,pydata__xarray-7229,solo_gpt-5.6-sol,600000,28,False,SWE-bench Verified pinned official harness,official_scored,modelbench\swe_fixed_team_20260903\pilot_v14\results\pydata__xarray-7229__solo_gpt-5.6-sol\result.json,8,12,,549919,549919,50081,Descriptive exposure; different runtime or model is not a causal pair
swe_fixed_team_20260903,pilot_v14,pytest-dev__pytest-7571__solo_gpt-5.6-sol,pytest-dev__pytest-7571,solo_gpt-5.6-sol,600000,28,True,SWE-bench Verified pinned official harness,official_scored,modelbench\swe_fixed_team_20260903\pilot_v14\results\pytest-dev__pytest-7571__solo_gpt-5.6-sol\result.json,8,12,,187280,187280,412720,Descriptive exposure; different runtime or model is not a causal pair
swe_fixed_team_20260903,pilot_v14,scikit-learn__scikit-learn-25232__solo_gpt-5.6-sol,scikit-learn__scikit-learn-25232,solo_gpt-5.6-sol,600000,28,False,SWE-bench Verified pinned official harness,official_scored,modelbench\swe_fixed_team_20260903\pilot_v14\results\scikit-learn__scikit-learn-25232__solo_gpt-5.6-sol\result.json,8,12,,552461,552461,47539,Descriptive exposure; different runtime or model is not a causal pair
swe_fixed_team_20260903,pilot_v14,sympy__sympy-16792__solo_gpt-5.6-sol,sympy__sympy-16792,solo_gpt-5.6-sol,600000,28,True,SWE-bench Verified pinned official harness,official_scored,modelbench\swe_fixed_team_20260903\pilot_v14\results\sympy__sympy-16792__solo_gpt-5.6-sol\result.json,8,12,,510809,510809,89191,Descriptive exposure; different runtime or model is not a causal pair
swe_fixed_team_20260903,pilot_v15,astropy__astropy-14995__solo_gpt-5.6-sol,astropy__astropy-14995,solo_gpt-5.6-sol,600000,28,True,SWE-bench Verified pinned official harness,official_scored,modelbench\swe_fixed_team_20260903\pilot_v15\results\astropy__astropy-14995__solo_gpt-5.6-sol\result.json,8,12,,304114,304114,295886,Descriptive exposure; different runtime or model is not a causal pair
swe_fixed_team_20260903,pilot_v15,mwaskom__seaborn-3069__solo_gpt-5.6-sol,mwaskom__seaborn-3069,solo_gpt-5.6-sol,600000,28,False,SWE-bench Verified pinned official harness,official_scored,modelbench\swe_fixed_team_20260903\pilot_v15\results\mwaskom__seaborn-3069__solo_gpt-5.6-sol\result.json,8,12,,562229,562229,37771,Descriptive exposure; different runtime or model is not a causal pair
swe_fixed_team_20260903,pilot_v15,mwaskom__seaborn-3069__solo_gpt-5.6-sol.rep2,mwaskom__seaborn-3069,solo_gpt-5.6-sol,600000,28,False,SWE-bench Verified pinned official harness,official_scored,modelbench\swe_fixed_team_20260903\pilot_v15\results\mwaskom__seaborn-3069__solo_gpt-5.6-sol.rep2\result.json,8,12,,553972,553972,46028,Descriptive exposure; different runtime or model is not a causal pair
swe_fixed_team_20260903,pilot_v15,pydata__xarray-7229__solo_gpt-5.6-sol,pydata__xarray-7229,solo_gpt-5.6-sol,600000,28,False,SWE-bench Verified pinned official harness,official_scored,modelbench\swe_fixed_team_20260903\pilot_v15\results\pydata__xarray-7229__solo_gpt-5.6-sol\result.json,8,12,,568175,568175,31825,Descriptive exposure; different runtime or model is not a causal pair
swe_fixed_team_20260903,pilot_v15,pydata__xarray-7229__solo_gpt-5.6-sol.rep2,pydata__xarray-7229,solo_gpt-5.6-sol,600000,28,False,SWE-bench Verified pinned official harness,official_scored,modelbench\swe_fixed_team_20260903\pilot_v15\results\pydata__xarray-7229__solo_gpt-5.6-sol.rep2\result.json,8,12,,559896,559896,40104,Descriptive exposure; different runtime or model is not a causal pair
swe_fixed_team_20260903,pilot_v15,scikit-learn__scikit-learn-25232__solo_gpt-5.6-sol,scikit-learn__scikit-learn-25232,solo_gpt-5.6-sol,600000,28,True,SWE-bench Verified pinned official harness,official_scored,modelbench\swe_fixed_team_20260903\pilot_v15\results\scikit-learn__scikit-learn-25232__solo_gpt-5.6-sol\result.json,8,12,,560282,560282,39718,Descriptive exposure; different runtime or model is not a causal pair
swe_fixed_team_20260903,pilot_v15,sphinx-doc__sphinx-8035__solo_gpt-5.6-sol,sphinx-doc__sphinx-8035,solo_gpt-5.6-sol,600000,28,False,SWE-bench Verified pinned official harness,official_scored,modelbench\swe_fixed_team_20260903\pilot_v15\results\sphinx-doc__sphinx-8035__solo_gpt-5.6-sol\result.json,8,12,,564071,564071,35929,Descriptive exposure; different runtime or model is not a causal pair
swe_fixed_team_20260903,pilot_v15,sphinx-doc__sphinx-8035__solo_gpt-5.6-sol.cm24,sphinx-doc__sphinx-8035,solo_gpt-5.6-sol.cm24,600000,28,False,SWE-bench Verified pinned official harness,official_scored,modelbench\swe_fixed_team_20260903\pilot_v15\results\sphinx-doc__sphinx-8035__solo_gpt-5.6-sol.cm24\result.json,8,24,,589856,589856,10144,Descriptive exposure; different runtime or model is not a causal pair
swe_fixed_team_20260903,pilot_v15,sphinx-doc__sphinx-8035__solo_gpt-5.6-sol.cm24.rep2,sphinx-doc__sphinx-8035,solo_gpt-5.6-sol.cm24,600000,28,False,SWE-bench Verified pinned official harness,official_scored,modelbench\swe_fixed_team_20260903\pilot_v15\results\sphinx-doc__sphinx-8035__solo_gpt-5.6-sol.cm24.rep2\result.json,8,24,,569596,569596,30404,Descriptive exposure; different runtime or model is not a causal pair
swe_fixed_team_20260903,pilot_v15,sphinx-doc__sphinx-8035__solo_gpt-5.6-sol.nocurf,sphinx-doc__sphinx-8035,solo_gpt-5.6-sol.nocurf,600000,28,True,SWE-bench Verified pinned official harness,official_scored,modelbench\swe_fixed_team_20260903\pilot_v15\results\sphinx-doc__sphinx-8035__solo_gpt-5.6-sol.nocurf\result.json,8,12,,572487,572487,27513,Descriptive exposure; different runtime or model is not a causal pair
swe_fixed_team_20260903,pilot_v15,sphinx-doc__sphinx-8035__solo_gpt-5.6-sol.nocurf.rep2,sphinx-doc__sphinx-8035,solo_gpt-5.6-sol.nocurf,600000,28,True,SWE-bench Verified pinned official harness,official_scored,modelbench\swe_fixed_team_20260903\pilot_v15\results\sphinx-doc__sphinx-8035__solo_gpt-5.6-sol.nocurf.rep2\result.json,8,12,,558388,558388,41612,Descriptive exposure; different runtime or model is not a causal pair
swe_fixed_team_20260903,pilot_v15,sphinx-doc__sphinx-8035__solo_gpt-5.6-sol.rep2,sphinx-doc__sphinx-8035,solo_gpt-5.6-sol,600000,28,False,SWE-bench Verified pinned official harness,official_scored,modelbench\swe_fixed_team_20260903\pilot_v15\results\sphinx-doc__sphinx-8035__solo_gpt-5.6-sol.rep2\result.json,8,12,,560014,560014,39986,Descriptive exposure; different runtime or model is not a causal pair
swe_fixed_team_20260903,pilot_v15,sphinx-doc__sphinx-8035__solo_gpt-5.6-sol.rep3,sphinx-doc__sphinx-8035,solo_gpt-5.6-sol,600000,28,True,SWE-bench Verified pinned official harness,official_scored,modelbench\swe_fixed_team_20260903\pilot_v15\results\sphinx-doc__sphinx-8035__solo_gpt-5.6-sol.rep3\result.json,8,12,,562853,562853,37147,Descriptive exposure; different runtime or model is not a causal pair
swe_fixed_team_20260903,pilot_v15,sympy__sympy-16792__solo_gpt-5.6-sol,sympy__sympy-16792,solo_gpt-5.6-sol,600000,28,True,SWE-bench Verified pinned official harness,official_scored,modelbench\swe_fixed_team_20260903\pilot_v15\results\sympy__sympy-16792__solo_gpt-5.6-sol\result.json,8,12,,575187,575187,24813,Descriptive exposure; different runtime or model is not a causal pair
swe_fixed_team_20260903,pilot_v15b,pydata__xarray-7229__solo_gpt-5.6-sol.b900,pydata__xarray-7229,solo_gpt-5.6-sol.b900,900000,40,False,SWE-bench Verified pinned official harness,official_scored,modelbench\swe_fixed_team_20260903\pilot_v15b\results\pydata__xarray-7229__solo_gpt-5.6-sol.b900\result.json,8,12,,875509,875509,24491,Descriptive exposure; different runtime or model is not a causal pair
swe_fixed_team_20260903,pilot_v15b,pydata__xarray-7229__solo_gpt-5.6-sol.b900.rep2,pydata__xarray-7229,solo_gpt-5.6-sol.b900,900000,40,False,SWE-bench Verified pinned official harness,official_scored,modelbench\swe_fixed_team_20260903\pilot_v15b\results\pydata__xarray-7229__solo_gpt-5.6-sol.b900.rep2\result.json,8,12,,748865,748865,151135,Descriptive exposure; different runtime or model is not a causal pair
swe_fixed_team_20260903,pilot_v15b,sphinx-doc__sphinx-8035__solo_gpt-5.6-sol.b900,sphinx-doc__sphinx-8035,solo_gpt-5.6-sol.b900,900000,40,True,SWE-bench Verified pinned official harness,official_scored,modelbench\swe_fixed_team_20260903\pilot_v15b\results\sphinx-doc__sphinx-8035__solo_gpt-5.6-sol.b900\result.json,8,12,,778452,778452,121548,Descriptive exposure; different runtime or model is not a causal pair
swe_fixed_team_20260903,pilot_v15b,sphinx-doc__sphinx-8035__solo_gpt-5.6-sol.b900.rep2,sphinx-doc__sphinx-8035,solo_gpt-5.6-sol.b900,900000,40,True,SWE-bench Verified pinned official harness,official_scored,modelbench\swe_fixed_team_20260903\pilot_v15b\results\sphinx-doc__sphinx-8035__solo_gpt-5.6-sol.b900.rep2\result.json,8,12,,827391,827391,72609,Descriptive exposure; different runtime or model is not a causal pair
swe_fixed_team_20260903,pilot_v16,mwaskom__seaborn-3069__hetero_gpt-5.6-terra__glm-5.3,mwaskom__seaborn-3069,hetero_gpt-5.6-terra__glm-5.3,600000,28,False,SWE-bench Verified pinned official harness,official_scored,modelbench\swe_fixed_team_20260903\pilot_v16\results\mwaskom__seaborn-3069__hetero_gpt-5.6-terra__glm-5.3\result.json,8,12,,553213,553213,46787,Descriptive exposure; different runtime or model is not a causal pair
swe_fixed_team_20260903,pilot_v16,mwaskom__seaborn-3069__hetero_gpt-5.6-terra__glm-5.3.rep2,mwaskom__seaborn-3069,hetero_gpt-5.6-terra__glm-5.3,600000,28,False,SWE-bench Verified pinned official harness,official_scored,modelbench\swe_fixed_team_20260903\pilot_v16\results\mwaskom__seaborn-3069__hetero_gpt-5.6-terra__glm-5.3.rep2\result.json,8,12,,568447,568447,31553,Descriptive exposure; different runtime or model is not a causal pair
swe_fixed_team_20260903,pilot_v16,mwaskom__seaborn-3069__heterooff_gpt-5.6-terra__glm-5.3,mwaskom__seaborn-3069,heterooff_gpt-5.6-terra__glm-5.3,600000,28,False,SWE-bench Verified pinned official harness,official_scored,modelbench\swe_fixed_team_20260903\pilot_v16\results\mwaskom__seaborn-3069__heterooff_gpt-5.6-terra__glm-5.3\result.json,8,12,,568399,568399,31601,Descriptive exposure; different runtime or model is not a causal pair
swe_fixed_team_20260903,pilot_v16,mwaskom__seaborn-3069__heterooff_gpt-5.6-terra__glm-5.3.rep2,mwaskom__seaborn-3069,heterooff_gpt-5.6-terra__glm-5.3,600000,28,False,SWE-bench Verified pinned official harness,official_scored,modelbench\swe_fixed_team_20260903\pilot_v16\results\mwaskom__seaborn-3069__heterooff_gpt-5.6-terra__glm-5.3.rep2\result.json,8,12,,586292,586292,13708,Descriptive exposure; different runtime or model is not a causal pair
swe_fixed_team_20260903,pilot_v16,pydata__xarray-7229__hetero_gpt-5.6-terra__glm-5.3,pydata__xarray-7229,hetero_gpt-5.6-terra__glm-5.3,600000,28,False,SWE-bench Verified pinned official harness,official_scored,modelbench\swe_fixed_team_20260903\pilot_v16\results\pydata__xarray-7229__hetero_gpt-5.6-terra__glm-5.3\result.json,8,12,,565709,565709,34291,Descriptive exposure; different runtime or model is not a causal pair
swe_fixed_team_20260903,pilot_v16,pydata__xarray-7229__hetero_gpt-5.6-terra__glm-5.3.rep2,pydata__xarray-7229,hetero_gpt-5.6-terra__glm-5.3,600000,28,False,SWE-bench Verified pinned official harness,official_scored,modelbench\swe_fixed_team_20260903\pilot_v16\results\pydata__xarray-7229__hetero_gpt-5.6-terra__glm-5.3.rep2\result.json,8,12,,569285,569285,30715,Descriptive exposure; different runtime or model is not a causal pair
swe_fixed_team_20260903,pilot_v16,pydata__xarray-7229__heterooff_gpt-5.6-terra__glm-5.3,pydata__xarray-7229,heterooff_gpt-5.6-terra__glm-5.3,600000,28,False,SWE-bench Verified pinned official harness,official_scored,modelbench\swe_fixed_team_20260903\pilot_v16\results\pydata__xarray-7229__heterooff_gpt-5.6-terra__glm-5.3\result.json,8,12,,563351,563351,36649,Descriptive exposure; different runtime or model is not a causal pair
swe_fixed_team_20260903,pilot_v16,pydata__xarray-7229__heterooff_gpt-5.6-terra__glm-5.3.rep2,pydata__xarray-7229,heterooff_gpt-5.6-terra__glm-5.3,600000,28,False,SWE-bench Verified pinned official harness,official_scored,modelbench\swe_fixed_team_20260903\pilot_v16\results\pydata__xarray-7229__heterooff_gpt-5.6-terra__glm-5.3.rep2\result.json,8,12,,556209,556209,43791,Descriptive exposure; different runtime or model is not a causal pair
swe_fixed_team_20260903,pilot_v16,sphinx-doc__sphinx-8035__heterooff_gpt-5.6-terra__glm-5.3,sphinx-doc__sphinx-8035,heterooff_gpt-5.6-terra__glm-5.3,600000,28,True,SWE-bench Verified pinned official harness,official_scored,modelbench\swe_fixed_team_20260903\pilot_v16\results\sphinx-doc__sphinx-8035__heterooff_gpt-5.6-terra__glm-5.3\result.json,8,12,,559680,559680,40320,Descriptive exposure; different runtime or model is not a causal pair
swe_fixed_team_20260903,pilot_v16,sphinx-doc__sphinx-8035__heterooff_gpt-5.6-terra__glm-5.3.rep2,sphinx-doc__sphinx-8035,heterooff_gpt-5.6-terra__glm-5.3,600000,28,True,SWE-bench Verified pinned official harness,official_scored,modelbench\swe_fixed_team_20260903\pilot_v16\results\sphinx-doc__sphinx-8035__heterooff_gpt-5.6-terra__glm-5.3.rep2\result.json,8,12,,559797,559797,40203,Descriptive exposure; different runtime or model is not a causal pair
swe_fixed_team_20260903,pilot_v2,matplotlib__matplotlib-25122__fixed_glm-5.3,matplotlib__matplotlib-25122,fixed_glm-5.3,600000,28,True,SWE-bench Verified pinned official harness,official_scored,modelbench\swe_fixed_team_20260903\pilot_v2\results\matplotlib__matplotlib-25122__fixed_glm-5.3\result.json,8,,,420578,420578,179422,Descriptive exposure; different runtime or model is not a causal pair
swe_fixed_team_20260903,pilot_v2,matplotlib__matplotlib-25122__fixed_glm-5.3-flash,matplotlib__matplotlib-25122,fixed_glm-5.3-flash,600000,28,True,SWE-bench Verified pinned official harness,official_scored,modelbench\swe_fixed_team_20260903\pilot_v2\results\matplotlib__matplotlib-25122__fixed_glm-5.3-flash\result.json,8,,,484171,484171,115829,Descriptive exposure; different runtime or model is not a causal pair
swe_fixed_team_20260903,pilot_v2,matplotlib__matplotlib-25122__fixed_gpt-5.6-luna,matplotlib__matplotlib-25122,fixed_gpt-5.6-luna,600000,28,True,SWE-bench Verified pinned official harness,official_scored,modelbench\swe_fixed_team_20260903\pilot_v2\results\matplotlib__matplotlib-25122__fixed_gpt-5.6-luna\result.json,8,,,537957,537957,62043,Descriptive exposure; different runtime or model is not a causal pair
swe_fixed_team_20260903,pilot_v2,matplotlib__matplotlib-25122__fixed_gpt-5.6-sol,matplotlib__matplotlib-25122,fixed_gpt-5.6-sol,600000,28,True,SWE-bench Verified pinned official harness,official_scored,modelbench\swe_fixed_team_20260903\pilot_v2\results\matplotlib__matplotlib-25122__fixed_gpt-5.6-sol\result.json,8,,,447293,447293,152707,Descriptive exposure; different runtime or model is not a causal pair
swe_fixed_team_20260903,pilot_v2,matplotlib__matplotlib-25122__fixed_gpt-5.6-terra,matplotlib__matplotlib-25122,fixed_gpt-5.6-terra,600000,28,True,SWE-bench Verified pinned official harness,official_scored,modelbench\swe_fixed_team_20260903\pilot_v2\results\matplotlib__matplotlib-25122__fixed_gpt-5.6-terra\result.json,8,,,331667,331667,268333,Descriptive exposure; different runtime or model is not a causal pair
swe_fixed_team_20260903,pilot_v2,matplotlib__matplotlib-25122__solo,matplotlib__matplotlib-25122,solo,600000,28,True,SWE-bench Verified pinned official harness,official_scored,modelbench\swe_fixed_team_20260903\pilot_v2\results\matplotlib__matplotlib-25122__solo\result.json,8,,,177552,177552,422448,Descriptive exposure; different runtime or model is not a causal pair
swe_fixed_team_20260903,pilot_v2,sphinx-doc__sphinx-8035__fixed_gpt-5.6-luna,sphinx-doc__sphinx-8035,fixed_gpt-5.6-luna,600000,28,True,SWE-bench Verified pinned official harness,excluded_pair_protocol_fault_before_grading,modelbench\swe_fixed_team_20260903\pilot_v2\results\sphinx-doc__sphinx-8035__fixed_gpt-5.6-luna\result.json,8,,,557203,557203,42797,Descriptive exposure; different runtime or model is not a causal pair
swe_fixed_team_20260903,pilot_v2,sphinx-doc__sphinx-8035__fixed_gpt-5.6-terra,sphinx-doc__sphinx-8035,fixed_gpt-5.6-terra,600000,28,False,SWE-bench Verified pinned official harness,excluded_pair_protocol_fault_before_grading,modelbench\swe_fixed_team_20260903\pilot_v2\results\sphinx-doc__sphinx-8035__fixed_gpt-5.6-terra\result.json,8,,,,506216,45023,Descriptive exposure; different runtime or model is not a causal pair
swe_fixed_team_20260903,pilot_v3,sphinx-doc__sphinx-8035__fixed_glm-5.3,sphinx-doc__sphinx-8035,fixed_glm-5.3,600000,28,True,SWE-bench Verified pinned official harness,official_scored,modelbench\swe_fixed_team_20260903\pilot_v3\results\sphinx-doc__sphinx-8035__fixed_glm-5.3\result.json,8,,,409224,409224,190776,Descriptive exposure; different runtime or model is not a causal pair
swe_fixed_team_20260903,pilot_v3,sphinx-doc__sphinx-8035__fixed_glm-5.3-flash,sphinx-doc__sphinx-8035,fixed_glm-5.3-flash,600000,28,True,SWE-bench Verified pinned official harness,official_scored,modelbench\swe_fixed_team_20260903\pilot_v3\results\sphinx-doc__sphinx-8035__fixed_glm-5.3-flash\result.json,8,,,,494047,66715,Descriptive exposure; different runtime or model is not a causal pair
swe_fixed_team_20260903,pilot_v3,sphinx-doc__sphinx-8035__fixed_gpt-5.6-luna,sphinx-doc__sphinx-8035,fixed_gpt-5.6-luna,600000,28,False,SWE-bench Verified pinned official harness,official_scored,modelbench\swe_fixed_team_20260903\pilot_v3\results\sphinx-doc__sphinx-8035__fixed_gpt-5.6-luna\result.json,8,,,576435,576435,23565,Descriptive exposure; different runtime or model is not a causal pair
swe_fixed_team_20260903,pilot_v3,sphinx-doc__sphinx-8035__fixed_gpt-5.6-sol,sphinx-doc__sphinx-8035,fixed_gpt-5.6-sol,600000,28,True,SWE-bench Verified pinned official harness,official_scored,modelbench\swe_fixed_team_20260903\pilot_v3\results\sphinx-doc__sphinx-8035__fixed_gpt-5.6-sol\result.json,8,,,561397,561397,38603,Descriptive exposure; different runtime or model is not a causal pair
swe_fixed_team_20260903,pilot_v3,sphinx-doc__sphinx-8035__fixed_gpt-5.6-terra,sphinx-doc__sphinx-8035,fixed_gpt-5.6-terra,600000,28,False,SWE-bench Verified pinned official harness,official_scored,modelbench\swe_fixed_team_20260903\pilot_v3\results\sphinx-doc__sphinx-8035__fixed_gpt-5.6-terra\result.json,8,,,499631,499631,100369,Descriptive exposure; different runtime or model is not a causal pair
swe_fixed_team_20260903,pilot_v3,sphinx-doc__sphinx-8035__solo,sphinx-doc__sphinx-8035,solo,600000,28,False,SWE-bench Verified pinned official harness,official_scored,modelbench\swe_fixed_team_20260903\pilot_v3\results\sphinx-doc__sphinx-8035__solo\result.json,8,,,512199,512199,87801,Descriptive exposure; different runtime or model is not a causal pair
swe_fixed_team_20260903,pilot_v4,sphinx-doc__sphinx-8035__fixed_gpt-5.6-sol,sphinx-doc__sphinx-8035,fixed_gpt-5.6-sol,600000,28,False,SWE-bench Verified pinned official harness,official_scored,modelbench\swe_fixed_team_20260903\pilot_v4\results\sphinx-doc__sphinx-8035__fixed_gpt-5.6-sol\result.json,8,,,,452287,45239,Descriptive exposure; different runtime or model is not a causal pair
swe_fixed_team_20260903,pilot_v4,sphinx-doc__sphinx-8035__solo,sphinx-doc__sphinx-8035,solo,600000,28,False,SWE-bench Verified pinned official harness,official_scored,modelbench\swe_fixed_team_20260903\pilot_v4\results\sphinx-doc__sphinx-8035__solo\result.json,8,,,,457149,39261,Descriptive exposure; different runtime or model is not a causal pair
swe_fixed_team_20260903,pilot_v5,sphinx-doc__sphinx-8035__fixed_glm-5.3,sphinx-doc__sphinx-8035,fixed_glm-5.3,600000,28,True,SWE-bench Verified pinned official harness,official_scored,modelbench\swe_fixed_team_20260903\pilot_v5\results\sphinx-doc__sphinx-8035__fixed_glm-5.3\result.json,8,,,472197,472197,127803,Descriptive exposure; different runtime or model is not a causal pair
swe_fixed_team_20260903,pilot_v5,sphinx-doc__sphinx-8035__fixed_glm-5.3-flash,sphinx-doc__sphinx-8035,fixed_glm-5.3-flash,600000,28,True,SWE-bench Verified pinned official harness,official_scored,modelbench\swe_fixed_team_20260903\pilot_v5\results\sphinx-doc__sphinx-8035__fixed_glm-5.3-flash\result.json,8,,,,523608,21345,Descriptive exposure; different runtime or model is not a causal pair
swe_fixed_team_20260903,pilot_v6,sphinx-doc__sphinx-8035__fixed_glm-5.3,sphinx-doc__sphinx-8035,fixed_glm-5.3,600000,28,True,SWE-bench Verified pinned official harness,official_scored,modelbench\swe_fixed_team_20260903\pilot_v6\results\sphinx-doc__sphinx-8035__fixed_glm-5.3\result.json,8,,,309395,309395,290605,Descriptive exposure; different runtime or model is not a causal pair
swe_fixed_team_20260903,pilot_v6,sphinx-doc__sphinx-8035__fixed_gpt-5.6-luna,sphinx-doc__sphinx-8035,fixed_gpt-5.6-luna,600000,28,True,SWE-bench Verified pinned official harness,official_scored,modelbench\swe_fixed_team_20260903\pilot_v6\results\sphinx-doc__sphinx-8035__fixed_gpt-5.6-luna\result.json,8,,,550929,550929,49071,Descriptive exposure; different runtime or model is not a causal pair
swe_fixed_team_20260903,pilot_v6,sphinx-doc__sphinx-8035__solo,sphinx-doc__sphinx-8035,solo,600000,28,False,SWE-bench Verified pinned official harness,official_scored,modelbench\swe_fixed_team_20260903\pilot_v6\results\sphinx-doc__sphinx-8035__solo\result.json,8,,,472713,472713,127287,Descriptive exposure; different runtime or model is not a causal pair
swe_fixed_team_20260903,pilot_v7,sphinx-doc__sphinx-8035__fixed_glm-5.3-flash,sphinx-doc__sphinx-8035,fixed_glm-5.3-flash,600000,28,True,SWE-bench Verified pinned official harness,official_scored,modelbench\swe_fixed_team_20260903\pilot_v7\results\sphinx-doc__sphinx-8035__fixed_glm-5.3-flash\result.json,8,,,344581,344581,255419,Descriptive exposure; different runtime or model is not a causal pair
swe_fixed_team_20260903,pilot_v8,sphinx-doc__sphinx-8035__fixed_glm-5.3,sphinx-doc__sphinx-8035,fixed_glm-5.3,600000,28,True,SWE-bench Verified pinned official harness,official_scored,modelbench\swe_fixed_team_20260903\pilot_v8\results\sphinx-doc__sphinx-8035__fixed_glm-5.3\result.json,8,,,278307,278307,321693,Descriptive exposure; different runtime or model is not a causal pair
swe_fixed_team_20260903,pilot_v8,sphinx-doc__sphinx-8035__fixed_glm-5.3-flash,sphinx-doc__sphinx-8035,fixed_glm-5.3-flash,600000,28,True,SWE-bench Verified pinned official harness,official_scored,modelbench\swe_fixed_team_20260903\pilot_v8\results\sphinx-doc__sphinx-8035__fixed_glm-5.3-flash\result.json,8,,,,388948,173527,Descriptive exposure; different runtime or model is not a causal pair
swe_fixed_team_20260903,pilot_v8,sphinx-doc__sphinx-8035__fixed_gpt-5.6-luna,sphinx-doc__sphinx-8035,fixed_gpt-5.6-luna,600000,28,True,SWE-bench Verified pinned official harness,official_scored,modelbench\swe_fixed_team_20260903\pilot_v8\results\sphinx-doc__sphinx-8035__fixed_gpt-5.6-luna\result.json,8,,,524989,524989,75011,Descriptive exposure; different runtime or model is not a causal pair
swe_fixed_team_20260903,pilot_v8,sphinx-doc__sphinx-8035__fixed_gpt-5.6-sol,sphinx-doc__sphinx-8035,fixed_gpt-5.6-sol,600000,28,False,SWE-bench Verified pinned official harness,official_scored,modelbench\swe_fixed_team_20260903\pilot_v8\results\sphinx-doc__sphinx-8035__fixed_gpt-5.6-sol\result.json,8,,,488961,488961,111039,Descriptive exposure; different runtime or model is not a causal pair
swe_fixed_team_20260903,pilot_v8,sphinx-doc__sphinx-8035__fixed_gpt-5.6-terra,sphinx-doc__sphinx-8035,fixed_gpt-5.6-terra,600000,28,False,SWE-bench Verified pinned official harness,official_scored,modelbench\swe_fixed_team_20260903\pilot_v8\results\sphinx-doc__sphinx-8035__fixed_gpt-5.6-terra\result.json,8,,,519053,519053,80947,Descriptive exposure; different runtime or model is not a causal pair
swe_fixed_team_20260903,pilot_v8,sphinx-doc__sphinx-8035__hetero_glm-5.3__gpt-5.6-luna,sphinx-doc__sphinx-8035,hetero_glm-5.3__gpt-5.6-luna,600000,28,True,SWE-bench Verified pinned official harness,official_scored,modelbench\swe_fixed_team_20260903\pilot_v8\results\sphinx-doc__sphinx-8035__hetero_glm-5.3__gpt-5.6-luna\result.json,8,,,423179,423179,176821,Descriptive exposure; different runtime or model is not a causal pair
swe_fixed_team_20260903,pilot_v8,sphinx-doc__sphinx-8035__hetero_glm-5.3__gpt-5.6-sol,sphinx-doc__sphinx-8035,hetero_glm-5.3__gpt-5.6-sol,600000,28,True,SWE-bench Verified pinned official harness,official_scored,modelbench\swe_fixed_team_20260903\pilot_v8\results\sphinx-doc__sphinx-8035__hetero_glm-5.3__gpt-5.6-sol\result.json,8,,,400775,400775,199225,Descriptive exposure; different runtime or model is not a causal pair
swe_fixed_team_20260903,pilot_v8,sphinx-doc__sphinx-8035__hetero_gpt-5.6-sol__glm-5.3,sphinx-doc__sphinx-8035,hetero_gpt-5.6-sol__glm-5.3,600000,28,True,SWE-bench Verified pinned official harness,official_scored,modelbench\swe_fixed_team_20260903\pilot_v8\results\sphinx-doc__sphinx-8035__hetero_gpt-5.6-sol__glm-5.3\result.json,8,,,368368,368368,231632,Descriptive exposure; different runtime or model is not a causal pair
swe_fixed_team_20260903,pilot_v8,sphinx-doc__sphinx-8035__hetero_gpt-5.6-terra__glm-5.3,sphinx-doc__sphinx-8035,hetero_gpt-5.6-terra__glm-5.3,600000,28,True,SWE-bench Verified pinned official harness,official_scored,modelbench\swe_fixed_team_20260903\pilot_v8\results\sphinx-doc__sphinx-8035__hetero_gpt-5.6-terra__glm-5.3\result.json,8,,,408256,408256,191744,Descriptive exposure; different runtime or model is not a causal pair
swe_fixed_team_20260903,pilot_v8,sphinx-doc__sphinx-8035__hetero_gpt-5.6-terra__glm-5.3-flash,sphinx-doc__sphinx-8035,hetero_gpt-5.6-terra__glm-5.3-flash,600000,28,True,SWE-bench Verified pinned official harness,official_scored,modelbench\swe_fixed_team_20260903\pilot_v8\results\sphinx-doc__sphinx-8035__hetero_gpt-5.6-terra__glm-5.3-flash\result.json,8,,,374335,374335,225665,Descriptive exposure; different runtime or model is not a causal pair
swe_fixed_team_20260903,pilot_v8,sphinx-doc__sphinx-8035__hetero_gpt-5.6-terra__gpt-5.6-luna,sphinx-doc__sphinx-8035,hetero_gpt-5.6-terra__gpt-5.6-luna,600000,28,True,SWE-bench Verified pinned official harness,official_scored,modelbench\swe_fixed_team_20260903\pilot_v8\results\sphinx-doc__sphinx-8035__hetero_gpt-5.6-terra__gpt-5.6-luna\result.json,8,,,520995,520995,79005,Descriptive exposure; different runtime or model is not a causal pair
swe_fixed_team_20260903,pilot_v8,sphinx-doc__sphinx-8035__solo_glm-5.3,sphinx-doc__sphinx-8035,solo_glm-5.3,600000,28,False,SWE-bench Verified pinned official harness,official_scored,modelbench\swe_fixed_team_20260903\pilot_v8\results\sphinx-doc__sphinx-8035__solo_glm-5.3\result.json,8,,,216644,216644,383356,Descriptive exposure; different runtime or model is not a causal pair
swe_fixed_team_20260903,pilot_v8,sphinx-doc__sphinx-8035__solo_glm-5.3-flash,sphinx-doc__sphinx-8035,solo_glm-5.3-flash,600000,28,False,SWE-bench Verified pinned official harness,official_scored,modelbench\swe_fixed_team_20260903\pilot_v8\results\sphinx-doc__sphinx-8035__solo_glm-5.3-flash\result.json,8,,,,56772,488577,Descriptive exposure; different runtime or model is not a causal pair
swe_fixed_team_20260903,pilot_v8,sphinx-doc__sphinx-8035__solo_gpt-5.6-luna,sphinx-doc__sphinx-8035,solo_gpt-5.6-luna,600000,28,True,SWE-bench Verified pinned official harness,official_scored,modelbench\swe_fixed_team_20260903\pilot_v8\results\sphinx-doc__sphinx-8035__solo_gpt-5.6-luna\result.json,8,,,433860,433860,166140,Descriptive exposure; different runtime or model is not a causal pair
swe_fixed_team_20260903,pilot_v8,sphinx-doc__sphinx-8035__solo_gpt-5.6-sol,sphinx-doc__sphinx-8035,solo_gpt-5.6-sol,600000,28,True,SWE-bench Verified pinned official harness,official_scored,modelbench\swe_fixed_team_20260903\pilot_v8\results\sphinx-doc__sphinx-8035__solo_gpt-5.6-sol\result.json,8,,,501720,501720,98280,Descriptive exposure; different runtime or model is not a causal pair
swe_fixed_team_20260903,pilot_v8,sphinx-doc__sphinx-8035__solo_gpt-5.6-terra,sphinx-doc__sphinx-8035,solo_gpt-5.6-terra,600000,28,True,SWE-bench Verified pinned official harness,official_scored,modelbench\swe_fixed_team_20260903\pilot_v8\results\sphinx-doc__sphinx-8035__solo_gpt-5.6-terra\result.json,8,,,480822,480822,119178,Descriptive exposure; different runtime or model is not a causal pair
swe_fixed_team_20260903,pilot_v9,sphinx-doc__sphinx-8035__fixed_deepseek-v4-flash,sphinx-doc__sphinx-8035,fixed_deepseek-v4-flash,600000,28,False,SWE-bench Verified pinned official harness,official_scored,modelbench\swe_fixed_team_20260903\pilot_v9\results\sphinx-doc__sphinx-8035__fixed_deepseek-v4-flash\result.json,8,,,325982,325982,274018,Descriptive exposure; different runtime or model is not a causal pair
swe_fixed_team_20260903,pilot_v9,sphinx-doc__sphinx-8035__hetero_gpt-5.6-terra__deepseek-v4-flash,sphinx-doc__sphinx-8035,hetero_gpt-5.6-terra__deepseek-v4-flash,600000,28,True,SWE-bench Verified pinned official harness,official_scored,modelbench\swe_fixed_team_20260903\pilot_v9\results\sphinx-doc__sphinx-8035__hetero_gpt-5.6-terra__deepseek-v4-flash\result.json,8,,,408919,408919,191081,Descriptive exposure; different runtime or model is not a causal pair
swe_fixed_team_20260903,pilot_v9,sphinx-doc__sphinx-8035__solo_deepseek-v4-flash,sphinx-doc__sphinx-8035,solo_deepseek-v4-flash,600000,28,False,SWE-bench Verified pinned official harness,official_scored,modelbench\swe_fixed_team_20260903\pilot_v9\results\sphinx-doc__sphinx-8035__solo_deepseek-v4-flash\result.json,8,,,254351,254351,345649,Descriptive exposure; different runtime or model is not a causal pair
swe_verified_20260903,pilot_v1,pallets__flask-5014__dpswarm,pallets__flask-5014,dpswarm,600000,28,,SWE-bench Verified pinned official harness,ungraded_infrastructure_failure,modelbench\swe_verified_20260903\pilot_v1\results\pallets__flask-5014__dpswarm\result.json,8,,,17019,17019,582981,Descriptive exposure; different runtime or model is not a causal pair
swe_verified_20260903,pilot_v1,pallets__flask-5014__solo,pallets__flask-5014,solo,600000,28,,SWE-bench Verified pinned official harness,ungraded_infrastructure_failure,modelbench\swe_verified_20260903\pilot_v1\results\pallets__flask-5014__solo\result.json,8,,,16262,16262,583738,Descriptive exposure; different runtime or model is not a causal pair
swe_verified_20260903,pilot_v2,astropy__astropy-14995__dpswarm,astropy__astropy-14995,dpswarm,600000,28,True,SWE-bench Verified pinned official harness,official_scored,modelbench\swe_verified_20260903\pilot_v2\results\astropy__astropy-14995__dpswarm\result.json,8,,,290973,290973,309027,Descriptive exposure; different runtime or model is not a causal pair
swe_verified_20260903,pilot_v2,astropy__astropy-14995__solo,astropy__astropy-14995,solo,600000,28,True,SWE-bench Verified pinned official harness,official_scored,modelbench\swe_verified_20260903\pilot_v2\results\astropy__astropy-14995__solo\result.json,8,,,270258,270258,329742,Descriptive exposure; different runtime or model is not a causal pair
swe_verified_20260903,pilot_v2,mwaskom__seaborn-3069__dpswarm,mwaskom__seaborn-3069,dpswarm,600000,28,False,SWE-bench Verified pinned official harness,official_scored,modelbench\swe_verified_20260903\pilot_v2\results\mwaskom__seaborn-3069__dpswarm\result.json,8,,,545545,545545,54455,Descriptive exposure; different runtime or model is not a causal pair
swe_verified_20260903,pilot_v2,mwaskom__seaborn-3069__solo,mwaskom__seaborn-3069,solo,600000,28,False,SWE-bench Verified pinned official harness,official_scored,modelbench\swe_verified_20260903\pilot_v2\results\mwaskom__seaborn-3069__solo\result.json,8,,,522227,522227,77773,Descriptive exposure; different runtime or model is not a causal pair
swe_verified_20260903,pilot_v2,pallets__flask-5014__dpswarm,pallets__flask-5014,dpswarm,600000,28,True,SWE-bench Verified pinned official harness,official_scored,modelbench\swe_verified_20260903\pilot_v2\results\pallets__flask-5014__dpswarm\result.json,8,,,151557,151557,448443,Descriptive exposure; different runtime or model is not a causal pair
swe_verified_20260903,pilot_v2,pallets__flask-5014__solo,pallets__flask-5014,solo,600000,28,True,SWE-bench Verified pinned official harness,official_scored,modelbench\swe_verified_20260903\pilot_v2\results\pallets__flask-5014__solo\result.json,8,,,116052,116052,483948,Descriptive exposure; different runtime or model is not a causal pair
swe_verified_20260903,pilot_v2,pydata__xarray-7229__dpswarm,pydata__xarray-7229,dpswarm,600000,28,False,SWE-bench Verified pinned official harness,official_scored,modelbench\swe_verified_20260903\pilot_v2\results\pydata__xarray-7229__dpswarm\result.json,8,,,541803,541803,58197,Descriptive exposure; different runtime or model is not a causal pair
swe_verified_20260903,pilot_v2,pydata__xarray-7229__solo,pydata__xarray-7229,solo,600000,28,False,SWE-bench Verified pinned official harness,official_scored,modelbench\swe_verified_20260903\pilot_v2\results\pydata__xarray-7229__solo\result.json,8,,,562714,562714,37286,Descriptive exposure; different runtime or model is not a causal pair
swe_verified_20260903,pilot_v2,pytest-dev__pytest-7571__dpswarm,pytest-dev__pytest-7571,dpswarm,600000,28,True,SWE-bench Verified pinned official harness,official_scored,modelbench\swe_verified_20260903\pilot_v2\results\pytest-dev__pytest-7571__dpswarm\result.json,8,,,159504,159504,440496,Descriptive exposure; different runtime or model is not a causal pair
swe_verified_20260903,pilot_v2,pytest-dev__pytest-7571__solo,pytest-dev__pytest-7571,solo,600000,28,True,SWE-bench Verified pinned official harness,official_scored,modelbench\swe_verified_20260903\pilot_v2\results\pytest-dev__pytest-7571__solo\result.json,8,,,194729,194729,405271,Descriptive exposure; different runtime or model is not a causal pair
team_eval20260903,native_followup,INT1_pipeline_repair__native_team__glm-5.3,INT1_pipeline_repair,team_native_glm,600000,18,True,"TeamBench frozen upstream local grader, not SWE",real_frozen_task_protocol_experiment,modelbench\team_eval20260903\native_followup\results\INT1_pipeline_repair__native_team__glm-5.3\result.json,,,"{""executor"":6,""planner"":2,""repair"":3,""reverify"":3,""solo"":18,""verifier"":4}",161607,161607,,Descriptive exposure; different runtime or model is not a causal pair
team_eval20260903,native_followup,INT1_pipeline_repair__native_team__glm-5.3-flash,INT1_pipeline_repair,team_native_glm,600000,18,True,"TeamBench frozen upstream local grader, not SWE",real_frozen_task_protocol_experiment,modelbench\team_eval20260903\native_followup\results\INT1_pipeline_repair__native_team__glm-5.3-flash\result.json,,,"{""executor"":6,""planner"":2,""repair"":3,""reverify"":3,""solo"":18,""verifier"":4}",243538,243538,,Descriptive exposure; different runtime or model is not a causal pair
team_eval20260903,native_followup,SPEC5_config_system__native_team__glm-5.3,SPEC5_config_system,team_native_glm,600000,18,True,"TeamBench frozen upstream local grader, not SWE",real_frozen_task_protocol_experiment,modelbench\team_eval20260903\native_followup\results\SPEC5_config_system__native_team__glm-5.3\result.json,,,"{""executor"":6,""planner"":2,""repair"":3,""reverify"":3,""solo"":18,""verifier"":4}",294326,294326,,Descriptive exposure; different runtime or model is not a causal pair
team_eval20260903,native_followup,SPEC5_config_system__native_team__glm-5.3-flash,SPEC5_config_system,team_native_glm,600000,18,True,"TeamBench frozen upstream local grader, not SWE",real_frozen_task_protocol_experiment,modelbench\team_eval20260903\native_followup\results\SPEC5_config_system__native_team__glm-5.3-flash\result.json,,,"{""executor"":6,""planner"":2,""repair"":3,""reverify"":3,""solo"":18,""verifier"":4}",304605,304605,,Descriptive exposure; different runtime or model is not a causal pair
team_eval20260903,main,INT1_pipeline_repair__solo__gpt-5.6-sol,INT1_pipeline_repair,solo,600000,18,True,"TeamBench frozen upstream local grader, not SWE",real_frozen_task_protocol_experiment,modelbench\team_eval20260903\results\INT1_pipeline_repair__solo__gpt-5.6-sol\result.json,,,"{""executor"":6,""planner"":2,""repair"":3,""reverify"":3,""solo"":18,""verifier"":4}",181108,181108,,Descriptive exposure; different runtime or model is not a causal pair
team_eval20260903,main,INT1_pipeline_repair__team__glm-5.3,INT1_pipeline_repair,team,600000,18,False,"TeamBench frozen upstream local grader, not SWE",real_frozen_task_protocol_experiment,modelbench\team_eval20260903\results\INT1_pipeline_repair__team__glm-5.3\result.json,,,"{""executor"":6,""planner"":2,""repair"":3,""reverify"":3,""solo"":18,""verifier"":4}",260765,260765,,Descriptive exposure; different runtime or model is not a causal pair
team_eval20260903,main,INT1_pipeline_repair__team__glm-5.3-flash,INT1_pipeline_repair,team,600000,18,False,"TeamBench frozen upstream local grader, not SWE",real_task_transport_failure_usage_incomplete,modelbench\team_eval20260903\results\INT1_pipeline_repair__team__glm-5.3-flash\result.json,,,"{""executor"":6,""planner"":2,""repair"":3,""reverify"":3,""solo"":18,""verifier"":4}",,221561,,Descriptive exposure; different runtime or model is not a causal pair
team_eval20260903,main,INT1_pipeline_repair__team__gpt-5.6-luna,INT1_pipeline_repair,team,600000,18,True,"TeamBench frozen upstream local grader, not SWE",real_frozen_task_protocol_experiment,modelbench\team_eval20260903\results\INT1_pipeline_repair__team__gpt-5.6-luna\result.json,,,"{""executor"":6,""planner"":2,""repair"":3,""reverify"":3,""solo"":18,""verifier"":4}",242987,242987,,Descriptive exposure; different runtime or model is not a causal pair
team_eval20260903,main,INT1_pipeline_repair__team__gpt-5.6-sol,INT1_pipeline_repair,team,600000,18,True,"TeamBench frozen upstream local grader, not SWE",real_frozen_task_protocol_experiment,modelbench\team_eval20260903\results\INT1_pipeline_repair__team__gpt-5.6-sol\result.json,,,"{""executor"":6,""planner"":2,""repair"":3,""reverify"":3,""solo"":18,""verifier"":4}",232291,232291,,Descriptive exposure; different runtime or model is not a causal pair
team_eval20260903,main,INT1_pipeline_repair__team__gpt-5.6-terra,INT1_pipeline_repair,team,600000,18,True,"TeamBench frozen upstream local grader, not SWE",real_frozen_task_protocol_experiment,modelbench\team_eval20260903\results\INT1_pipeline_repair__team__gpt-5.6-terra\result.json,,,"{""executor"":6,""planner"":2,""repair"":3,""reverify"":3,""solo"":18,""verifier"":4}",248087,248087,,Descriptive exposure; different runtime or model is not a causal pair
team_eval20260903,main,SPEC5_config_system__solo__gpt-5.6-sol,SPEC5_config_system,solo,600000,18,True,"TeamBench frozen upstream local grader, not SWE",real_frozen_task_protocol_experiment,modelbench\team_eval20260903\results\SPEC5_config_system__solo__gpt-5.6-sol\result.json,,,"{""executor"":6,""planner"":2,""repair"":3,""reverify"":3,""solo"":18,""verifier"":4}",160510,160510,,Descriptive exposure; different runtime or model is not a causal pair
team_eval20260903,main,SPEC5_config_system__team__glm-5.3,SPEC5_config_system,team,600000,18,False,"TeamBench frozen upstream local grader, not SWE",real_frozen_task_protocol_experiment,modelbench\team_eval20260903\results\SPEC5_config_system__team__glm-5.3\result.json,,,"{""executor"":6,""planner"":2,""repair"":3,""reverify"":3,""solo"":18,""verifier"":4}",232077,232077,,Descriptive exposure; different runtime or model is not a causal pair
team_eval20260903,main,SPEC5_config_system__team__glm-5.3-flash,SPEC5_config_system,team,600000,18,False,"TeamBench frozen upstream local grader, not SWE",real_frozen_task_protocol_experiment,modelbench\team_eval20260903\results\SPEC5_config_system__team__glm-5.3-flash\result.json,,,"{""executor"":6,""planner"":2,""repair"":3,""reverify"":3,""solo"":18,""verifier"":4}",336088,336088,,Descriptive exposure; different runtime or model is not a causal pair
team_eval20260903,main,SPEC5_config_system__team__gpt-5.6-luna,SPEC5_config_system,team,600000,18,True,"TeamBench frozen upstream local grader, not SWE",real_frozen_task_protocol_experiment,modelbench\team_eval20260903\results\SPEC5_config_system__team__gpt-5.6-luna\result.json,,,"{""executor"":6,""planner"":2,""repair"":3,""reverify"":3,""solo"":18,""verifier"":4}",253297,253297,,Descriptive exposure; different runtime or model is not a causal pair
team_eval20260903,main,SPEC5_config_system__team__gpt-5.6-sol,SPEC5_config_system,team,600000,18,True,"TeamBench frozen upstream local grader, not SWE",real_frozen_task_protocol_experiment,modelbench\team_eval20260903\results\SPEC5_config_system__team__gpt-5.6-sol\result.json,,,"{""executor"":6,""planner"":2,""repair"":3,""reverify"":3,""solo"":18,""verifier"":4}",366029,366029,,Descriptive exposure; different runtime or model is not a causal pair
team_eval20260903,main,SPEC5_config_system__team__gpt-5.6-terra,SPEC5_config_system,team,600000,18,True,"TeamBench frozen upstream local grader, not SWE",real_frozen_task_protocol_experiment,modelbench\team_eval20260903\results\SPEC5_config_system__team__gpt-5.6-terra\result.json,,,"{""executor"":6,""planner"":2,""repair"":3,""reverify"":3,""solo"":18,""verifier"":4}",218910,218910,,Descriptive exposure; different runtime or model is not a causal pair
team_runtime_v2,regression_20260903_v2,INT1_pipeline_repair__v2__glm-5.3-flash__r1,INT1_pipeline_repair,team_v2,600000,20,True,"TeamBench frozen upstream local grader, not SWE",real_frozen_task_protocol_experiment,modelbench\team_runtime_v2\regression_20260903_v2\results\INT1_pipeline_repair__v2__glm-5.3-flash__r1\result.json,,,"{""clarification"":2,""executor"":6,""planner"":2,""repair"":3,""reverify"":3,""solo"":20,""verifier"":4}",240663,240663,359337,Descriptive exposure; different runtime or model is not a causal pair
team_runtime_v2,regression_20260903_v2,INT1_pipeline_repair__v2__glm-5.3__r2,INT1_pipeline_repair,team_v2,600000,20,False,"TeamBench frozen upstream local grader, not SWE",real_frozen_task_protocol_experiment,modelbench\team_runtime_v2\regression_20260903_v2\results\INT1_pipeline_repair__v2__glm-5.3__r2\result.json,,,"{""clarification"":2,""executor"":6,""planner"":2,""repair"":3,""reverify"":3,""solo"":20,""verifier"":4}",250176,250176,349824,Descriptive exposure; different runtime or model is not a causal pair
team_runtime_v2,regression_20260903_v2,SPEC5_config_system__v2__glm-5.3-flash__r1,SPEC5_config_system,team_v2,600000,20,False,"TeamBench frozen upstream local grader, not SWE",real_frozen_task_protocol_experiment,modelbench\team_runtime_v2\regression_20260903_v2\results\SPEC5_config_system__v2__glm-5.3-flash__r1\result.json,,,"{""clarification"":2,""executor"":6,""planner"":2,""repair"":3,""reverify"":3,""solo"":20,""verifier"":4}",39184,39184,560816,Descriptive exposure; different runtime or model is not a causal pair
team_runtime_v2,regression_20260903_v2,SPEC5_config_system__v2__glm-5.3-flash__r2,SPEC5_config_system,team_v2,600000,20,False,"TeamBench frozen upstream local grader, not SWE",real_frozen_task_protocol_experiment,modelbench\team_runtime_v2\regression_20260903_v2\results\SPEC5_config_system__v2__glm-5.3-flash__r2\result.json,,,"{""clarification"":2,""executor"":6,""planner"":2,""repair"":3,""reverify"":3,""solo"":20,""verifier"":4}",37879,37879,562121,Descriptive exposure; different runtime or model is not a causal pair
team_runtime_v2,regression_20260903_v2,SPEC5_config_system__v2__glm-5.3__r1,SPEC5_config_system,team_v2,600000,20,True,"TeamBench frozen upstream local grader, not SWE",real_frozen_task_protocol_experiment,modelbench\team_runtime_v2\regression_20260903_v2\results\SPEC5_config_system__v2__glm-5.3__r1\result.json,,,"{""clarification"":2,""executor"":6,""planner"":2,""repair"":3,""reverify"":3,""solo"":20,""verifier"":4}",380818,380818,219182,Descriptive exposure; different runtime or model is not a causal pair
team_runtime_v2,regression_20260903_v2,SPEC5_config_system__v2__glm-5.3__r2,SPEC5_config_system,team_v2,600000,20,False,"TeamBench frozen upstream local grader, not SWE",real_frozen_task_protocol_experiment,modelbench\team_runtime_v2\regression_20260903_v2\results\SPEC5_config_system__v2__glm-5.3__r2\result.json,,,"{""clarification"":2,""executor"":6,""planner"":2,""repair"":3,""reverify"":3,""solo"":20,""verifier"":4}",41104,41104,558896,Descriptive exposure; different runtime or model is not a causal pair
team_runtime_v2,regression_budget_visible_20260903,INT1_pipeline_repair__budget_visible__glm-5.3-flash__r1,INT1_pipeline_repair,team_v2_budget_visible,600000,20,True,"TeamBench frozen upstream local grader, not SWE",real_frozen_task_protocol_experiment,modelbench\team_runtime_v2\regression_budget_visible_20260903\results\INT1_pipeline_repair__budget_visible__glm-5.3-flash__r1\result.json,,,"{""clarification"":2,""executor"":6,""planner"":2,""repair"":3,""reverify"":3,""solo"":20,""verifier"":4}",141113,141113,458887,Descriptive exposure; different runtime or model is not a causal pair
team_runtime_v2,regression_budget_visible_20260903,INT1_pipeline_repair__budget_visible__glm-5.3__r1,INT1_pipeline_repair,team_v2_budget_visible,600000,20,False,"TeamBench frozen upstream local grader, not SWE",real_frozen_task_protocol_experiment,modelbench\team_runtime_v2\regression_budget_visible_20260903\results\INT1_pipeline_repair__budget_visible__glm-5.3__r1\result.json,,,"{""clarification"":2,""executor"":6,""planner"":2,""repair"":3,""reverify"":3,""solo"":20,""verifier"":4}",224832,224832,375168,Descriptive exposure; different runtime or model is not a causal pair
team_runtime_v2,regression_budget_visible_20260903,SPEC5_config_system__budget_visible__glm-5.3-flash__r1,SPEC5_config_system,team_v2_budget_visible,600000,20,True,"TeamBench frozen upstream local grader, not SWE",real_frozen_task_protocol_experiment,modelbench\team_runtime_v2\regression_budget_visible_20260903\results\SPEC5_config_system__budget_visible__glm-5.3-flash__r1\result.json,,,"{""clarification"":2,""executor"":6,""planner"":2,""repair"":3,""reverify"":3,""solo"":20,""verifier"":4}",207263,207263,392737,Descriptive exposure; different runtime or model is not a causal pair
team_runtime_v2,regression_budget_visible_20260903,SPEC5_config_system__budget_visible__glm-5.3__r1,SPEC5_config_system,team_v2_budget_visible,600000,20,True,"TeamBench frozen upstream local grader, not SWE",real_frozen_task_protocol_experiment,modelbench\team_runtime_v2\regression_budget_visible_20260903\results\SPEC5_config_system__budget_visible__glm-5.3__r1\result.json,,,"{""clarification"":2,""executor"":6,""planner"":2,""repair"":3,""reverify"":3,""solo"":20,""verifier"":4}",196900,196900,403100,Descriptive exposure; different runtime or model is not a causal pair
results,prototype_logpipe_round1,A6-logpipe-20260903_013825,logpipe,A6,,,False,local logpipe 5-test prototype,superseded_real_prototype_output_cap_incident,modelbench\results\runs.jsonl#line=1,,,,,15992,,Descriptive exposure; different runtime or model is not a causal pair
results,prototype_logpipe_round1,A2-logpipe-20260903_013825,logpipe,A2,,,False,local logpipe 5-test prototype,superseded_real_prototype_output_cap_incident,modelbench\results\runs.jsonl#line=2,,,,,55947,,Descriptive exposure; different runtime or model is not a causal pair
results,prototype_logpipe_round1,A3-logpipe-20260903_014428,logpipe,A3,,,True,local logpipe 5-test prototype,superseded_real_prototype_output_cap_incident,modelbench\results\runs.jsonl#line=3,,,,,26884,,Descriptive exposure; different runtime or model is not a causal pair
results,prototype_logpipe_round1,A1-logpipe-20260903_013825,logpipe,A1,,,False,local logpipe 5-test prototype,superseded_real_prototype_output_cap_incident,modelbench\results\runs.jsonl#line=4,,,,,56286,,Descriptive exposure; different runtime or model is not a causal pair
results,prototype_logpipe_round1,A5-logpipe-20260903_014929,logpipe,A5,,,False,local logpipe 5-test prototype,superseded_real_prototype_output_cap_incident,modelbench\results\runs.jsonl#line=5,,,,,64951,,Descriptive exposure; different runtime or model is not a causal pair
results,prototype_logpipe_round1,A4-logpipe-20260903_015018,logpipe,A4,,,False,local logpipe 5-test prototype,superseded_real_prototype_output_cap_incident,modelbench\results\runs.jsonl#line=6,,,,,46083,,Descriptive exposure; different runtime or model is not a causal pair
results,prototype_logpipe_round2_unclosed,A4-logpipe-20260903_020712,logpipe,A4,,,,local logpipe prototype; terminal score missing,real_prototype_attempt_missing_terminal_result,modelbench\logs\A4-logpipe-20260903_020712.jsonl,,,,,51660,,Descriptive exposure; different runtime or model is not a causal pair
results,prototype_logpipe_round2_unclosed,A5-logpipe-20260903_020712,logpipe,A5,,,,local logpipe prototype; terminal score missing,real_prototype_attempt_missing_terminal_result,modelbench\logs\A5-logpipe-20260903_020712.jsonl,,,,,70112,,Descriptive exposure; different runtime or model is not a causal pair
results,prototype_logpipe_round2_unclosed,A6-logpipe-20260903_020712,logpipe,A6,,,,local logpipe prototype; terminal score missing,real_prototype_attempt_missing_terminal_result,modelbench\logs\A6-logpipe-20260903_020712.jsonl,,,,,88896,,Descriptive exposure; different runtime or model is not a causal pair
C1,c1-v1,c1-01-FCM_ON-r1,pydata__xarray-6992,FCM_ON,600000,28,False,SWE-bench official,official_scored,modelbench\mechanism_ablation_20260906\batches\c1-v1\results\c1-01-FCM_ON-r1\episode_result.json,,,,,,205342,Descriptive exposure; different runtime or model is not a causal pair
C1,c1-v1,c1-02-FCM_OFF-r1,pydata__xarray-6992,FCM_OFF,600000,28,False,SWE-bench official,official_scored,modelbench\mechanism_ablation_20260906\batches\c1-v1\results\c1-02-FCM_OFF-r1\episode_result.json,,,,,,51107,Descriptive exposure; different runtime or model is not a causal pair
C1,c1-v1,c1-03-FCM_OFF-r1,pylint-dev__pylint-6386,FCM_OFF,600000,28,False,SWE-bench official,official_scored,modelbench\mechanism_ablation_20260906\batches\c1-v1\results\c1-03-FCM_OFF-r1\episode_result.json,,,,,,236710,Descriptive exposure; different runtime or model is not a causal pair
C1,c1-v1,c1-04-FCM_ON-r1,pylint-dev__pylint-6386,FCM_ON,600000,28,False,SWE-bench official,official_scored,modelbench\mechanism_ablation_20260906\batches\c1-v1\results\c1-04-FCM_ON-r1\episode_result.json,,,,,,326997,Descriptive exposure; different runtime or model is not a causal pair
C1,c1-v1,c1-05-FCM_OFF-r1,matplotlib__matplotlib-20826,FCM_OFF,600000,28,False,SWE-bench official,official_scored,modelbench\mechanism_ablation_20260906\batches\c1-v1\results\c1-05-FCM_OFF-r1\episode_result.json,,,,,,153522,Descriptive exposure; different runtime or model is not a causal pair
C1,c1-v1,c1-06-FCM_ON-r1,matplotlib__matplotlib-20826,FCM_ON,600000,28,False,SWE-bench official,official_scored,modelbench\mechanism_ablation_20260906\batches\c1-v1\results\c1-06-FCM_ON-r1\episode_result.json,,,,,,75200,Descriptive exposure; different runtime or model is not a causal pair
C1,c1-v1,c1-07-FCM_OFF-r2,pydata__xarray-6992,FCM_OFF,600000,28,False,SWE-bench official,official_scored,modelbench\mechanism_ablation_20260906\batches\c1-v1\results\c1-07-FCM_OFF-r2\episode_result.json,,,,,,221308,Descriptive exposure; different runtime or model is not a causal pair
C1,c1-v1,c1-08-FCM_ON-r2,pydata__xarray-6992,FCM_ON,600000,28,False,SWE-bench official,official_scored,modelbench\mechanism_ablation_20260906\batches\c1-v1\results\c1-08-FCM_ON-r2\episode_result.json,,,,,,146713,Descriptive exposure; different runtime or model is not a causal pair
C1,c1-v1,c1-09-FCM_OFF-r2,matplotlib__matplotlib-20826,FCM_OFF,600000,28,True,SWE-bench official,official_scored,modelbench\mechanism_ablation_20260906\batches\c1-v1\results\c1-09-FCM_OFF-r2\episode_result.json,,,,,,36642,Descriptive exposure; different runtime or model is not a causal pair
C1,c1-v1,c1-10-FCM_ON-r2,matplotlib__matplotlib-20826,FCM_ON,600000,28,True,SWE-bench official,official_scored,modelbench\mechanism_ablation_20260906\batches\c1-v1\results\c1-10-FCM_ON-r2\episode_result.json,,,,,,50321,Descriptive exposure; different runtime or model is not a causal pair
C1,c1-v1,c1-11-FCM_OFF-r2,pylint-dev__pylint-6386,FCM_OFF,600000,28,True,SWE-bench official,official_scored,modelbench\mechanism_ablation_20260906\batches\c1-v1\results\c1-11-FCM_OFF-r2\episode_result.json,,,,,,176096,Descriptive exposure; different runtime or model is not a causal pair
C1,c1-v1,c1-12-FCM_ON-r2,pylint-dev__pylint-6386,FCM_ON,600000,28,True,SWE-bench official,official_scored,modelbench\mechanism_ablation_20260906\batches\c1-v1\results\c1-12-FCM_ON-r2\episode_result.json,,,,,,267854,Descriptive exposure; different runtime or model is not a causal pair
C1,c1-v1,c1-13-FCM_OFF-r3,pydata__xarray-6992,FCM_OFF,600000,28,False,SWE-bench official,official_scored,modelbench\mechanism_ablation_20260906\batches\c1-v1\results\c1-13-FCM_OFF-r3\episode_result.json,,,,,,221146,Descriptive exposure; different runtime or model is not a causal pair
C1,c1-v1,c1-14-FCM_ON-r3,pydata__xarray-6992,FCM_ON,600000,28,False,SWE-bench official,official_scored,modelbench\mechanism_ablation_20260906\batches\c1-v1\results\c1-14-FCM_ON-r3\episode_result.json,,,,,,300642,Descriptive exposure; different runtime or model is not a causal pair
C1,c1-v1,c1-15-FCM_OFF-r3,pylint-dev__pylint-6386,FCM_OFF,600000,28,True,SWE-bench official,official_scored,modelbench\mechanism_ablation_20260906\batches\c1-v1\results\c1-15-FCM_OFF-r3\episode_result.json,,,,,,185795,Descriptive exposure; different runtime or model is not a causal pair
C1,c1-v1,c1-16-FCM_ON-r3,pylint-dev__pylint-6386,FCM_ON,600000,28,True,SWE-bench official,official_scored,modelbench\mechanism_ablation_20260906\batches\c1-v1\results\c1-16-FCM_ON-r3\episode_result.json,,,,,,146910,Descriptive exposure; different runtime or model is not a causal pair
C1,c1-v1,c1-17-FCM_OFF-r3,matplotlib__matplotlib-20826,FCM_OFF,600000,28,True,SWE-bench official,official_scored,modelbench\mechanism_ablation_20260906\batches\c1-v1\results\c1-17-FCM_OFF-r3\episode_result.json,,,,,,167297,Descriptive exposure; different runtime or model is not a causal pair
C1,c1-v1,c1-18-FCM_ON-r3,matplotlib__matplotlib-20826,FCM_ON,600000,28,True,SWE-bench official,official_scored,modelbench\mechanism_ablation_20260906\batches\c1-v1\results\c1-18-FCM_ON-r3\episode_result.json,,,,,,132104,Descriptive exposure; different runtime or model is not a causal pair
